Date,Income/Expenses,Category,Memo,Amount
2025-11-29,Expenses,Transportation,Bici Olot-Girona. Bus de Girona a Olot,-9.1
2025-11-29,Expenses,Food,"Ezmorzar. Croissant, Napolitana, Llet",-5.7
2025-11-29,Expenses,Gasolina,"43,13 L",-56.03
2025-11-16,Expenses,Gasolina,"Pixo. 21,64 L",-28.33
2025-11-14,Expenses,Food,Sopar. JL colla. Xino. Yakisoba i gyozas,-13.85
2025-11-14,Expenses,Prendre algo,JL colla. Vins i divins. Birra 08,-4.9
2025-11-13,Expenses,Food,Sopar. Laura. Pompeu. Entrepà fuet i fanta,-4.4
2025-11-08,Expenses,Food,Sopar. Laura. Pizza kebap,-7
2025-11-08,Expenses,Atraccions,Laura. Salting jumping yard,-15
2025-11-06,Expenses,Sexe,Condons. Sensitive suave. 144.,-49.95
2025-11-06,Expenses,Sexe,Lubricant Anal. Pjur Analyse Me. 100 ml,-17.88
2025-11-06,Expenses,Gift,Laura. Ulleres d'esquí.,-26.99
2025-11-06,Expenses,Gift,Laura. Guants d'esquí,-3
2025-11-06,Expenses,Gift,Laura. Pringles i Filipinos,-4.6
2025-11-06,Expenses,Gift,Laura. Pen drive 32 GB de cor,-11.98
2025-11-04,Expenses,Bàsquet,Quota. Alella,-54
2025-11-03,Income,Gasolina compartida,Moyano. Bàsquet Alella 2 mesos.,10
2025-11-03,Expenses,Food,Sopar. Els Ginestarres,-3.6
2025-11-02,Expenses,Cotxe compartit,Laura. Teià-Sant Hilari-Terrassa-Cerdanyola,-12
2025-10-31,Expenses,Transportation,T-Jove,-48.5
2025-10-31,Expenses,Food,Sopar. Jl colla. Pizza,-13.5
2025-10-30,Expenses,Alcohol,"Birra. JL colla. La palma. 2×0,5 L",-6.6
2025-10-28,Expenses,Gasolina,"Pixo. 20,02 L",-26.21
2025-10-26,Expenses,Food,Sopar. Pizza,-14.7
2025-10-26,Expenses,Food,Barbacoa. JL colla,-24.33
2025-10-24,Expenses,Obligatori,Multa. Aparcament. Impost,-40
2025-10-24,Expenses,Tennis,Padel.,-5
2025-10-24,Expenses,Obligatori,Multa. Aparcament. Grua. Mercat municipal Cerdanyola del Vallès,-131.89
2025-10-18,Expenses,Gift,Roger Masdefiol. Curs alpinisme (295/20),-15
2025-10-18,Expenses,Food,Dinar. Roger Masdefiol. 50 amiversari,-10
2025-10-17,Expenses,Prendre algo,Tea. Els ginestarres,-5.5
2025-10-17,Expenses,Atraccions,Scape room. Los ginestarres,-25
2025-10-12,Expenses,Snacks,Brama. Castellar de n'hug. Croissants i xoco calenta,-8.9
2025-10-10,Expenses,Gasolina,"46,79 L",-56.85
2025-10-09,Income,Gasolina compartida,Salou. Teià-Salou-Creixell-Salou-Teià,27.76
2025-10-09,Expenses,Supermercat,Menjar ruta. Creixell i Brama,-15.44
2025-10-09,Expenses,Car,Líquid rentaparabrises 5L,-3.35
2025-10-09,Expenses,Supermercat,Menjar ruta. Empanada carn,-3.83
2025-10-09,Expenses,Supermercat,Menjar casa. Llet atmetlla,-1.56
2025-10-08,Expenses,Gasolina,"Pixo 29,78 L",-38.68
2025-10-08,Expenses,Bàsquet,Plantillas bàsquet,-20.9
2025-10-05,Expenses,Pàrquing,Aeroport. Papes. T2,-2.4
2025-10-04,Expenses,Supermercat,Dinar. Butifarra amb seques.,-6.75
2025-10-02,Expenses,Gift,Pol Junqué. Pelux capibara (25/2),-12.5
2025-10-02,Expenses,Prendre algo,Orxata.,-1.7
2025-10-02,Expenses,Food,Berenar. Llom amb formatge,-5.5
2025-10-02,Expenses,Tren,T-Casual. 1zona.,-13.55
2025-10-02,Expenses,Alcohol,6 birres. Jordi Junqué,-5.34
2025-10-01,Expenses,Bàsquet,Quota Alella.,-54
2025-09-29,Expenses,Gift,Birra. Edwin. Celebració TFM Edwin,-4.8
2025-09-29,Expenses,Alcohol,Birra. Celebració TFM Edwin,-2.4
2025-09-28,Expenses,Gasolina,"32,29 L",-40
2025-09-28,Expenses,Food,Dinar. Laura. Alaska,-13.7
2025-09-27,Expenses,Food,Sopar. Cau. Tapas,-10.96
2025-09-22,Income,Gasolina compartida,Laura. Pica d'estats,10
2025-09-21,Expenses,Food,Sopar. Pizzes. Jl colla,-10
2025-09-21,Expenses,Food,Dinar. Bàsquet. Hamburgesa amb cocacola,-10.6
2025-09-19,Expenses,Atraccions,Paddelsurf. 2h. Base nàutica el masnou,-11.5
2025-09-15,Expenses,Bàsquet,Alella. Quota club.,-134
2025-09-13,Expenses,Gasolina,"26,16 L",-32.41
2025-09-13,Expenses,Supermercat,"Olla de Núria 25'. Menjar ruta. 1 dia (25,20/2)",-12.6
2025-09-13,Expenses,Pàrquing,"Aeroport. Laura. Anar a buscar a la Laura (4,7/2)",-2.35
2025-09-11,Expenses,Food,Sopar. Els ginestarres. Mc Donalds.,-5.51
2025-09-06,Expenses,Alcohol,"Jl colla. Vi. Verema d'Alella, recipient 3€, copa 3,5€, copa 6€, botella (18€/3)",-18.5
2025-09-06,Expenses,Health,Antiinflamatori. Naproxeno sódico 550mg 40 comprimits. Cop costella,-1.91
2025-09-06,Expenses,Perruqueria,Peluquería Ramón,-17.5
2025-09-06,Expenses,Alcohol,Jl colla. Birra,-2
2025-09-06,Expenses,Food,Sopar. JL colla. Durum,-4.5
2025-09-05,Expenses,Food,Sopar. JL colla. Sushi ya,-28.35
2025-09-05,Expenses,Material ruta,Suunto 9 Baro. 2 trabillas,-1.12
2025-09-05,Expenses,Sexe,Condons. Dame placer. 12,-7.4
2025-09-05,Expenses,Material ruta,Crema solar. ISDIN Gel cream pediatrics 250 ml,-20.25
2025-09-01,Expenses,Bàsquet,"Alella. Equipació. 1a, 2a, sudadera",-116.9
2025-08-31,Expenses,Prendre algo,Maria. Crepes i beguda,-10
2025-08-30,Expenses,Bàsquet,Lentilles. 6 mesos,-54
2025-08-29,Expenses,Food,Sopar. JL colla. Pizza,-12
2025-08-26,Expenses,Home,WD My Passport 6TB,-136.36
2025-08-26,Expenses,Supermercat,Menjar casa. 2 ensaladilles i cereals,-5.55
2025-08-26,Expenses,Furgo,Espàtula,-1
2025-08-24,Expenses,Supermercat,"Alps25'. Menjar ruta. 1 dia. (14,31/2)",-7.16
2025-08-24,Income,Gasolina compartida,Alps25'. Oriol. Gasolina 1800 km + peatges - blabla /2,19.53
2025-08-24,Expenses,Peatge,"Alps25'. Peatges tornada (53,60/2)",-26.8
2025-08-24,Expenses,Gasolina,"51,84 L",-62.99
2025-08-22,Expenses,Gasolina,"37,71 L",-59.17
2025-08-22,Expenses,Allotjament,"Alps25'. Camping Albertville. (16,44/2)",-8.22
2025-08-18,Expenses,Gasolina,"34,01 L",-53.7
2025-08-18,Expenses,Peatge,"Alps25'. Peatge Cluses (2,3/2)",-1.15
2025-08-18,Expenses,Peatge,"Alps25'. Peatge La Roché Sur Foron. (29,70/2)",-14.85
2025-08-18,Expenses,Peatge,"Alps25'. Peatge Valence. (5,4/2)",-2.7
2025-08-18,Expenses,Peatge,"Alps25'. Peatge Orange. (9,4/2)",-4.7
2025-08-18,Expenses,Peatge,"Alps25'. Peatge Montpellier. (9,70/2)",-4.85
2025-08-18,Expenses,Peatge,"Alps25'. Peatge Narbona. (11,10/2)",-5.55
2025-08-18,Expenses,Supermercat,"Alps 25'. Menjar ruta. 7 dies. (85,03/2)",-42.52
2025-08-17,Expenses,Material ruta,Campingaz. 2 bombones Cv470 de 450g,-13.48
2025-08-17,Income,Bizum,Campingaz. Oriol,5
2025-08-16,Expenses,Gift,Roser. Emma pel bus,-0.8
2025-08-15,Expenses,Food,Sopar. JL colla. Durum,-6.4
2025-08-15,Expenses,Prendre algo,Roger Masdefiol. Quiche,-6.5
2025-08-15,Expenses,Furgo,Gas Butsir B-250. 28 cartuchos,-52
2025-08-14,Expenses,Gasolina,"42,78 L",-52.15
2025-08-13,Expenses,Food,Sopar. Ginestarres. Pizzes,-15
2025-08-13,Expenses,Prendre algo,Mimi. Gelat,-3.5
2025-08-13,Expenses,Transportation,Açores. Bus Pl Catalunya - El Masnou,-3.8
2025-08-13,Expenses,Transportation,Açores. Bus Aeroport-Pl Catalunya,-2.65
2025-08-12,Expenses,Vols,"Açores. Facturació 1 maleta. (61,99/2)",-31
2025-08-12,Expenses,Supermercat,"Açores. Menjar ruta (4,97/2)",-2.48
2025-08-11,Expenses,Food,Açores. Dinar. Cozido portuguès.,-28.5
2025-08-11,Expenses,Gasolina,"Açores. (37,71/2)",-18.86
2025-08-07,Expenses,Supermercat,"Açores. Menjar ruta (30,22/2)",-15.11
2025-08-07,Expenses,Material ruta,Açores. Aguanta mòbils cotxe (3/2),-1.5
2025-08-07,Expenses,Supermercat,"Açores. Menjar ruta (6,36/2)",-3.19
2025-08-07,Expenses,Atraccions,Açores. Banys termals.,-12
2025-08-06,Expenses,Supermercat,"Açores. Menjar ruta. (33,21/2)",-16.6
2025-08-06,Expenses,Lloguer cotxe,"Açores. Fiat Panda amb assegurança 120€. (351,49/2)",-175.75
2025-08-06,Expenses,Material ruta,"Açores. Carregador cotxe. (6,99/2)",-3.5
2025-08-06,Expenses,Material ruta,"Açores. Banyadors. (11,70/2)",-5.85
2025-08-06,Expenses,Material ruta,"Açores. Tenda decathlon (29,90/2)",-14.95
2025-08-05,Expenses,Vols,Açores. Barcelona-Lisboa. Lisboa-Ponta Delgada. Ponta Delgada-Lisboa. Lisboa-Barcelona.,-224.99
2025-08-05,Expenses,Vols,Açores. Plàstic embalar equipatge. (10/2),-5
2025-08-05,Expenses,Food,Açores. Sopar. McDonald's 9 nuggets,-6.9
2025-08-05,Expenses,Tren,Bonotren 2 zones,-17.95
2025-08-04,Expenses,Obligatori,Renovació carnet de conduir,-69.6
2025-08-03,Expenses,Gasolina,"pixo. 28,85 L",-37.48
2025-08-02,Expenses,Food,Dinar. Projecte boscos. Gall Fer,-18.5
2025-07-26,Expenses,Food,Dinar. Projecte Boscos. Gall Fer,-18.39
2025-07-20,Expenses,Atraccions,Montrebei 25'. Kayak,-42.5
2025-07-18,Expenses,Supermercat,"Montrebei 25'. Menjar ruta 3 dies (34,71/3)",-11.57
2025-07-18,Expenses,Supermercat,Projecte boscos. Menjar diumenge.,-6.39
2025-07-18,Expenses,Food,Dinar. Buffet lliure àrea de guissona,-9
2025-07-18,Expenses,Gasolina,"31,70 L",-39.91
2025-07-17,Expenses,Food,Sopar. Laura. Fantosfreak. pizza,-7
2025-07-15,Expenses,Food,Sopar. Laura i JL. McDonalds,-10.27
2025-07-15,Expenses,Material ruta,Crema solar. ISDIN Gel cream wet skin 250 ml,-29.9
2025-07-15,Expenses,Material ruta,Botes. Forclaz MT500 - SIMOND,-139.99
2025-07-15,Expenses,Education,TFM. Impressió,-22
2025-07-14,Expenses,Food,Sopar. JL colla. Xino ocata,-15.5
2025-07-11,Expenses,Gasolina,"36,46 L",-45.83
2025-07-11,Income,Gasolina compartida,"Taüll 25'. Laura i Inés. 615,6 km (47€-21€ blabla /2)",26
2025-07-10,Expenses,Furgo,Peça de plàstic quadrada pota llit,-4.9
2025-07-10,Expenses,Allotjament,Taüll 25'. Camping Taüll per dutxar-me,-3.67
2025-07-10,Expenses,Transportation,Taüll 25'. Taxis de Taüll a Planell d'Aigüestortes,-5.75
2025-07-09,Expenses,Supermercat,"Taüll 25'. Menjar ruta (35,80/3)",-11.93
2025-07-08,Expenses,Gasolina,"30,15 L",-37.27
2025-07-04,Expenses,Atraccions,Llívia TFM. Banys de Dorres.,-6
2025-07-02,Expenses,Supermercat,"Llívia TFM. Menjar (41,51/3)",-13.67
2025-06-30,Expenses,Peatge,Cadí,-14.16
2025-06-30,Expenses,Gasolina,"31,52 L",-39.49
2025-06-30,Expenses,Food,Dinar. Feina.,-25
2025-06-27,Expenses,Food,Dinar. Llívia TFM. Entrepà pollastre i cocacola,-6.7
2025-06-26,Expenses,Supermercat,Llívia TFM. Menjar,-40.54
2025-06-25,Expenses,Material ruta,Suunto 9 baro carregador,-19.3
2025-06-25,Expenses,Gasolina,"27,45 L",-36.21
2025-06-25,Expenses,Food,Dinar. menjador,-33.6
2025-06-23,Expenses,Alcohol,Gintonics,-4.34
2025-06-22,Expenses,Gasolina,Pixo,-30
2025-06-21,Expenses,Food,Sopar. Puse. Pizzes,-8
2025-06-20,Expenses,Food,Sopar. Garriguin. Aniversari Roc,-7.77
2025-06-20,Expenses,Alcohol,Gintonics,-12
2025-06-19,Expenses,Gift,Laura. Sopar. Sangiavese,-50.25
2025-06-19,Expenses,Food,Sopar. Laura. Sangiavese,-50.25
2025-06-19,Expenses,Furgo,Rentat cotxe,-4
2025-06-19,Expenses,Food,Dinar. Feina. Paella a la platja,-40
2025-06-19,Expenses,Gift,Laura. Magnesi escalada,-7.99
2025-06-14,Expenses,Food,Dinar. Roger Masdefiol,-5.95
2025-06-14,Expenses,Gasolina,"42,72 L",-50.79
2025-06-13,Expenses,Gasolina,"12,11 L",-15
2025-06-11,Expenses,Food,Sopar. Cosins,-28
2025-06-08,Expenses,Cotxe compartit,Mireia i Roser. Gorgs de la febró,-20
2025-06-06,Expenses,Food,Sopar. Jl colla. Pizzes,-12.25
2025-06-03,Expenses,Food,Esmorzar. Feina,-2.2
2025-06-02,Expenses,Gift,Marçal Olivé. Joc aquarel·les,-29
2025-05-31,Expenses,Food,Menjador. Feina,-47.4
2025-05-27,Expenses,Car,Revisió,-219.88
2025-05-26,Expenses,Cotxe compartit,Cotxe substitució,-6
2025-05-25,Expenses,Gift,Los Ginestarres. 2 begudes i patates xips,-5.7
2025-05-25,Expenses,Prendre algo,Los Ginestarres. Cocacola,-2.3
2025-05-25,Expenses,Gasolina,"29,88 L",-35.11
2025-05-25,Income,Gasolina compartida,Laura. Anada i tornada Quanca,19
2025-05-24,Expenses,Supermercat,Menjar ruta. 1 dia,-9.79
2025-05-23,Expenses,Gasolina,"42,84 L",-50.81
2025-05-18,Expenses,Tennis,Padel,-6.99
2025-05-15,Expenses,Food,Sopar. Laura. Mc Donalds,-6
2025-05-10,Expenses,Gasolina,"40,54 L",-47.63
2025-05-10,Income,Gasolina compartida,Laura. Vallter2000,12.92
2025-05-05,Expenses,Food,Feina. Entrepà,-2
2025-05-04,Expenses,Snacks,Crêpe,-5
2025-05-04,Expenses,Gift,Laura. Crêpe,-5
2025-05-03,Income,Gasolina compartida,Olla de Núria. Oriol,5
2025-05-03,Expenses,Pàrquing,Olla de Núria. Pàrquing Fontalba (5/2),-2.5
2025-05-03,Expenses,Gasolina,"23,74 L",-27.89
2025-05-01,Expenses,Supermercat,"Olla de Núria. Menjar ruta. 3 dies (40,07/2)",-20.04
2025-05-01,Expenses,Car,"Olla de Núria. Multa. Velocitat. Circular a 111,94 km/h en un tram de 2,5 km de 100 km/h (Ap7 sentit nord entre pk143,16 i pk140,62)",-50
2025-04-30,Expenses,Food,Menjador. Feina,-34.5
2025-04-26,Expenses,Gasolina,"41,45 L",-48.7
2025-04-26,Income,Gasolina compartida,Laura. Hostalets de Pierola,7.16
2025-04-25,Expenses,Atraccions,Escalada,-11
2025-04-23,Expenses,Snacks,berenar,-4.64
2025-04-17,Income,Gasolina compartida,Laura. Cantonigros santuari Cabrera,9.92
2025-04-17,Expenses,Gasolina,"21,41 L",-25.67
2025-04-12,Expenses,Food,Bici. Entrepà i cocacola,-7.5
2025-04-12,Expenses,Gift,Laura. Entrepà,-5.5
2025-04-11,Expenses,Tennis,Padel,-5
2025-04-11,Expenses,Food,Dinar. Feina.,-25.5
2025-04-06,Expenses,Food,Sopar. Laura. Ca l'Enric.,-13.3
2025-04-06,Expenses,Gasolina,"23,18 L",-29.18
2025-03-31,Expenses,Food,Menjador. Feina,-37.8
2025-03-30,Expenses,Prendre algo,Germanes i Zen. Cala. Cocacola i bikini,-6
2025-03-30,Expenses,Gift,Mireia. Canya i hamburguesa,-13.7
2025-03-30,Expenses,Gift,Roser. Canya i bikini,-5.5
2025-03-30,Expenses,Gasolina,"48,77 L",-61.4
2025-03-29,Expenses,Prendre algo,Laura. Canya i braves,-3.6
2025-03-29,Expenses,Cotxe compartit,"Castell d'hostoles (20,75/5)",-4.15
2025-03-28,Expenses,Food,Dinar. Feina,-17
2025-03-22,Expenses,Food,Dinar. Laura. El petit celler,-19
2025-03-21,Expenses,Gift,Papis. Mallorca. Ensaimada,-3.8
2025-03-21,Expenses,Tren,Mallorca. Metro,-2.65
2025-03-21,Expenses,Gift,Papis. Ensaimada,-7.4
2025-03-21,Expenses,Prendre algo,Mallorca. Cocacola i Braves,-6.14
2025-03-20,Expenses,Prendre algo,Mallorca. Gelat,-2.4
2025-03-19,Expenses,Supermercat,"Mallorca. Menjar ruta. Fuet, galetes, platan",-5.18
2025-03-15,Expenses,Food,Dinar. Família Batlló. Calçotada casa Mimi,-17
2025-03-13,Expenses,Food,Sopar. Vlad. Lluis. Salero,-13.15
2025-03-10,Expenses,Car,Impost de circulació vehicles de tracció mecànica,-63.05
2025-03-09,Expenses,Gasolina,"22,33 L",-28.78
2025-03-09,Expenses,Atraccions,Llívia banys. Ari. Laura. Banys de Llo.,-17
2025-03-09,Income,Gasolina compartida,Llívia banys. Ari. Laura. (35/3),23.34
2025-03-08,Expenses,Gasolina,"28,94 L",-37.45
2025-03-08,Expenses,Supermercat,Llívia banys. Ari. Laura. Menjar 2 dies,-7.65
2025-03-07,Expenses,Material ruta,Campingaz,-9.99
2025-03-05,Expenses,Gift,Ari. Motxilla,-18.99
2025-03-02,Expenses,Snacks,Laura. Xurros amb xocolata,-4.55
2025-03-02,Expenses,Tren,Excursió. Sabadell Nord - Terrassa Nord,-3.1
2025-03-01,Expenses,Material ruta,Dron. Funda Dron Mavic mini2,-9.99
2025-02-28,Expenses,Food,Menjador. Feina,-40.5
2025-02-28,Expenses,Gasolina,"48,40 L",-61.9
2025-02-22,Expenses,Food,Sopar. Xino. JL colla,-13.95
2025-02-22,Expenses,Pàrquing,Sopar. JL colla. Port,-4.75
2025-02-18,Expenses,Gasolina,"36,00 L",-50
2025-02-17,Expenses,Projecte Boscos,quota soci,-240
2025-02-09,Expenses,Food,Dinar. Mc Donalds,-5
2025-02-08,Expenses,Esquiar,Forfait Fontromeu,-44
2025-02-07,Expenses,Supermercat,Menjar. 3 dies.,-36.14
2025-02-06,Expenses,Gasolina,"24,45 L",-33.72
2025-02-01,Expenses,Gasolina,"48,54 L",-65
2025-01-31,Expenses,Food,Sopar. Laura. Hamburgesa i tirolesa,-11.4
2025-01-31,Expenses,Food,Menjador. Feina.,-41.4
2025-01-26,Income,Gasolina compartida,"Llívia Font Romeu 24'. Gasolina compartida (40+47,45 /6)",20.42
2025-01-26,Expenses,Food,Llívia Font Romeu 24'. Dinar. Mc Donalds,-5
2025-01-25,Expenses,Food,Llívia Font Romeu 24'. Esmorzar. Cereals amb llet,-5.5
2025-01-25,Expenses,Snacks,Llívia Fontromeu 24'. Galetes carrefour.,-2.69
2025-01-25,Expenses,Supermercat,Llívia Fontromeu 24'. Menjar 2 dies,-14.8
2025-01-25,Expenses,Esquiar,Llivia Fontromeu24'. Forfait,-40.5
2025-01-24,Expenses,Gasolina,"27,05",-36.71
2025-01-22,Expenses,Tennis,Padel,-10.99
2025-01-22,Expenses,Food,Berenar. Padel. Max. Entrepà llom.,-4.9
2025-01-19,Expenses,Gasolina,"25,02 L",-32.5
2025-01-19,Expenses,Supermercat,"Menjar ruta. Raquetes Lles. Pa, fuet, formatge, truita patates, cacaolat",-9.08
2025-01-19,Income,Gasolina compartida,Teià - Llinars - Vic - Lles - Vic - Llinars - Teià. Ari i Puse.,9.7
2025-01-19,Expenses,Atraccions,Forfait. Lles. Raquetes,-7
2025-01-18,Expenses,Gasolina,"36,52 L",-50
2025-01-17,Expenses,Car,Assegurança,-377.52
2025-01-16,Expenses,Obligatori,DNI i 6 fotos,-19.8
2025-01-11,Expenses,Gasolina,"40,63 L",-54.2
2025-01-11,Expenses,Material ruta,"2 pantalons ruta. 60€ total, 50€ regal, 10€ meus",-10
2025-01-06,Income,Salary,Papes,505
2025-01-06,Expenses,Food,Esmorzar. Laura,-6.35
2025-01-04,Expenses,Tennis,Bergantí. Aniversari Garriga. Padel,-12
2025-01-04,Expenses,Food,Sopar. Bergantí. Aniversari Garriga,-30
2025-01-03,Expenses,Supermercat,Casa. Llom i buti de pollo,-5.84
2025-01-03,Income,Gasolina compartida,Anna Sanabria Franquesa. 2 viatges Badalona,2.5
2025-01-02,Expenses,Alcohol,JL colla. Aniversari JL. Gintonic,-10
2025-01-02,Expenses,Food,Sopar. JL colla. Aniversari JL xino,-10
2024-12-31,Expenses,Home,Cap d'any 24'. Lleixiu i celo,-0.82
2024-12-31,Expenses,Alcohol,Cap d'any 24'. Brugal amb fanta taronja,-16.34
2024-12-31,Expenses,Alcohol,Cap d'any 24'. 3 birres,-2.19
2024-12-31,Expenses,Supermercat,Cap d'any 24'. Gel i aigua,-1.38
2024-12-31,Expenses,Supermercat,"Cap d'any 24'. Plats, gots plàstic i decoració.",-6.88
2024-12-31,Expenses,Prendre algo,Cap d'any 24'. Cotillón,-2.81
2024-12-31,Income,Gasolina compartida,Cap d'any 24'. Solsona anar i tornar (18/2),12
2024-12-31,Expenses,Gasolina,"41,43 L",-53.07
2024-12-31,Expenses,Food,Cap d'any 24'. Sopar. JL colla.,-23.8
2024-12-30,Expenses,Prendre algo,Birra. Nuska,-2.25
2024-12-28,Income,Gasolina compartida,"Camprodon 24'. Oriol, Arnau, Marina, Laura. Sumar 3 cotxes i dividir entre tots els 9.",37.89
2024-12-28,Expenses,Supermercat,Camprodon 24'. 1 dia,-6.33
2024-12-27,Expenses,Supermercat,Camprodon 24'. mig dia,-5.28
2024-12-27,Expenses,Snacks,Camprodon 24'. Pastes,-2.49
2024-12-27,Expenses,Esquiar,Camprodon 24'. Forfait. La Masella. 2 dies,-99.59
2024-12-27,Expenses,Gasolina,"23,48 L",-30.03
2024-12-25,Expenses,Gift,Papa. Agenda,-17.98
2024-12-25,Expenses,Gift,Mama. Cascs sense cable,-25.98
2024-12-25,Expenses,Gift,Roser. Vermut,-15.28
2024-12-25,Expenses,Gift,Mama. Pals trekking,-16.99
2024-12-25,Expenses,Gift,Zen. Tovallola floretes,-7.99
2024-12-25,Expenses,Gift,Mireia. Xocolata negre,-4.79
2024-12-25,Expenses,Gift,Roser Batlló. Xuxes,-1.35
2024-12-25,Expenses,Gift,Mireia. Xuxes,-1.35
2024-12-25,Expenses,Gift,Mama. Xuxes,-1.35
2024-12-25,Expenses,Gift,Papa. Regalèssia,-3.25
2024-12-25,Expenses,Gift,"Roser. Vermut, patates fregides i escopinyes",-15.28
2024-12-25,Expenses,Gift,Mireia. Espetec,-2.49
2024-12-25,Expenses,Gift,Zen. Carn (solomillo de pollastre),-4.06
2024-12-25,Expenses,Gift,Matias. Poma i refresc (pepsi llima),-1.43
2024-12-24,Expenses,Food,Dinar. Ginestarres. Viena. Plat pasta i llimonada,-10.6
2024-12-23,Expenses,Health,Líquid lentilles. 1L,-11.95
2024-12-23,Expenses,Material ruta,Pals trekking,-16.99
2024-12-22,Expenses,Gift,Laura. Sopar. Sushi ya,-26.9
2024-12-22,Expenses,Food,Sopar. Laura. Sushi ya,-26.9
2024-12-22,Expenses,Pàrquing,Sopar. Laura. Parking port,-2.89
2024-12-20,Expenses,Food,Esmorzar. Feina,-3.6
2024-12-15,Expenses,Gasolina,"43,99 L",-55.82
2024-12-15,Income,Gasolina compartida,St Miquel del Fai. Laura,5
2024-12-12,Expenses,Food,Sopar. Ironhack. Greenhouse,-15.03
2024-12-12,Expenses,Pàrquing,Sopar. IronHack,-0.05
2024-12-11,Expenses,Pàrquing,Sopar. Jl colla. Port masnou,-1.27
2024-12-11,Expenses,Food,Sopar. Jl colla. xino,-13.5
2024-12-08,Expenses,Supermercat,Creixell pont24'.,-23.62
2024-12-06,Income,Gasolina compartida,Creixell pont24'.,17.35
2024-12-06,Expenses,Gasolina,"37,07 L",-47.04
2024-11-30,Expenses,Food,Dinar. Menjador. Feina.,-41.4
2024-11-29,Expenses,Food,Ginestarres. Sopar. Pizza i aigua,-13
2024-11-29,Expenses,Atraccions,Rocòdrom amb arnés,-13
2024-11-24,Expenses,Gasolina,"44,09 L",-56.13
2024-11-24,Income,Gasolina compartida,Llívia Carlit24'. Gasolina i peatges compartits/5,35.28
2024-11-23,Expenses,Peatge,Llívia Carlit24'. túnel Cadí,-13.92
2024-11-23,Expenses,Peatge,Llívia Carlit24'. Manresa,-9.31
2024-11-22,Expenses,Gasolina,"29,71 L",-38
2024-11-21,Expenses,Gift,Roser. Olleres Escalada,-24.58
2024-11-16,Expenses,Snacks,Roser i Mireia. Crêpe,-4.6
2024-11-16,Expenses,Gift,Roser i Mireia. 2 cafès i 2 crêpe,-12.1
2024-11-15,Expenses,Food,Sopar. Laura Garcia. Burger King,-7.01
2024-11-10,Expenses,Gift,Nadal. Papa. Visita celler x2,-56
2024-11-08,Expenses,Gift,Birra. Camila,-1.5
2024-11-08,Expenses,Prendre algo,Birra. Camila,-1.5
2024-11-02,Income,Gasolina compartida,"Balandrau. Los Ginestarres. (22,06/3)",14.7
2024-11-02,Expenses,Supermercat,Balandrau. Los Ginestarres. Menjar ruta. 2 dies,-17.52
2024-11-02,Expenses,Gasolina,"14,52 L",-17.99
2024-11-01,Expenses,Allotjament,Balandrau. Los Ginestarres. Càmping,-11.51
2024-11-01,Expenses,Food,Balandrau. Los Ginestarres. Sopar. Hamburgesa,-15.65
2024-11-01,Expenses,Gasolina,"47,16 L",-58.86
2024-10-31,Expenses,Food,Esmorzar. Menjador. Feina.,-2
2024-10-30,Expenses,Food,Dinar. Menjador. Feina.,-55.2
2024-10-29,Expenses,Gasolina,"11,73 L",-15
2024-10-27,Expenses,Food,Projecte Boscos. Dinar. Trobada d'equip,-15.02
2024-10-26,Expenses,Cotxe compartit,Projecte Boscos. Trobada equip.,-11
2024-10-25,Expenses,Alcohol,Projecte Boscos. Cacic,-2
2024-10-24,Expenses,Food,Dinar. Roser. Vi i Pannettone,-8.68
2024-10-22,Expenses,Education,Màster Big Data,-3060
2024-10-18,Expenses,Perruqueria,Peluquería Ramón,-17.5
2024-10-17,Expenses,Food,Esmorzar. Feina. Entrepà bacon.,-2
2024-10-13,Expenses,Peatge,Brama del Sergi. Túnel del Cadí. anada i tornada,-27.84
2024-10-13,Expenses,Gasolina,"3,97 L",-6.06
2024-10-13,Expenses,Gasolina,"49,11 L",-59.87
2024-10-13,Income,Gasolina compartida,Brama del Sergi. Los ginestarres. 2 persones,23.16
2024-10-12,Expenses,Supermercat,Brama del Sergi. Los ginestarres. Pizzes congelades,-4.53
2024-10-06,Income,Gasolina compartida,Brama 5oct24'. (28×2/7),20
2024-10-06,Expenses,Food,Brama 5oct24'. König,-13.26
2024-10-05,Expenses,Gasolina,"41,12 L",-50
2024-10-05,Expenses,Food,Brama 5oct24'. Cocacola.,-2.49
2024-10-05,Expenses,Allotjament,Brama 5oct24'. Camping Molí Serradell,-10.44
2024-10-05,Expenses,Supermercat,Brama 5oct24'. Menjar ruta. 1 dia,-8.9
2024-10-04,Expenses,Food,Sopar. Fernandez. Aniversari feliz 2,-23.3
2024-09-30,Expenses,Food,Dinar. Menjador. Feina.,-20.7
2024-09-29,Expenses,Food,Punta Alta. Truita a Jorba,-4.5
2024-09-29,Expenses,Cotxe compartit,Punta Alta. Gasolina anar i tornar (54/4),-13.5
2024-09-27,Expenses,Bàsquet,Sabates de bàsquet,-69.99
2024-09-25,Expenses,Gasolina,"37,48 L",-46.81
2024-09-18,Expenses,Alcohol,Birres. 6 estrelles,-4.14
2024-09-18,Expenses,Supermercat,Sopar. Anna. Pollastre,-4.02
2024-09-18,Expenses,Prendre algo,Anna. Patates i fruits secs cocteleo,-2.4
2024-09-14,Expenses,Gasolina,"43,77 L",-52.48
2024-09-13,Expenses,Car,Rodes. Canvi 4 rodes. Kumbo Ecsta PS71 a preu de Royal.,-316
2024-09-13,Expenses,Food,Sopar. Anna. Durum,-4.9
2024-09-13,Expenses,Prendre algo,Paint de birra. Anna,-5.5
2024-09-12,Expenses,Food,Dinar. Feina.,-13.5
2024-09-12,Expenses,Food,Sopar. Los ginestarres. Pizza,-6.67
2024-09-12,Expenses,Gasolina,"Pixo 22,57 L",-30
2024-09-11,Expenses,Food,Dinar. Família. Arròs de pollastre. Roser paga 2€,-2.8
2024-09-11,Expenses,Prendre algo,"Família. Refresc, patates i olives Ca La Rosi",-2.8
2024-09-08,Expenses,Food,Sopar. Família Batlló. Tapas,-15
2024-09-08,Expenses,Food,Dinar. Família Batlló. Vilalleons,-26
2024-09-07,Expenses,Supermercat,Aigua. Freda xino 500 mL,-0.6
2024-09-07,Expenses,Tren,Renfe targeta,-10
2024-09-07,Expenses,Atraccions,Escape room. Catacumbas. Els Ginestarres.,-30
2024-09-07,Expenses,Food,Sopar. Els Ginestarres. Ramen Takumi,-16
2024-09-07,Expenses,Food,Dinar. Els Ginestarres. Ramen Takumi,-15.15
2024-09-06,Expenses,Car,"Revisió als 163.000 km. Canvi filtre dièsel de cada 80.000km, Frens estan entre 25% i 50%. Canvi filtres",-217.58
2024-09-05,Expenses,Food,Sopar. JL colla. Xino port,-16
2024-09-02,Expenses,Gasolina,"38,20 L",-50
2024-08-31,Expenses,Alcohol,JL. 6 birres de 33 cl 1906,-7.99
2024-08-31,Expenses,Food,Sopar. Festa de Sants. Pizza,-8.33
2024-08-30,Expenses,Alcohol,"JL. Chiri 2 gerres de 0,5 L",-9.8
2024-08-26,Expenses,Food,Sopar. Colla JL. Pizza,-10.47
2024-08-25,Income,Gasolina compartida,Santa Engracia 24'. Camila,5
2024-08-25,Expenses,Prendre algo,"SantaEngràcia 24'. Camping Gaset Olives, patates xips, sweppes",-4.7
2024-08-25,Expenses,Prendre algo,SantaEngràcia 24'. Aigua,-1.6
2024-08-24,Expenses,Supermercat,SantaEngràcia 24'. Menjar ruta. 1 dia,-9.04
2024-08-24,Expenses,Prendre algo,"SantaEngràcia 24'. Tremp olives, aletes pollastre, cocacola",-8.5
2024-08-24,Expenses,Food,Projecte boscos. Dinar gallfer,-17.8
2024-08-24,Expenses,Gift,Maria. Bufanda de Ginestarre,-30
2024-08-24,Expenses,Prendre algo,Projecte boscos. Consumicions,-3
2024-08-18,Income,Gasolina compartida,Marta Soler. Ginestarre - Coll Nargó - Llavorsí,30
2024-08-18,Expenses,Gasolina,"23,4 L",-30
2024-08-17,Expenses,Food,Dinar. Projecte Boscos. Gall fer,-20.65
2024-08-17,Expenses,Prendre algo,Llimonada,-2.4
2024-08-17,Expenses,Home,Rentadora. Projecte Boscos. 1 setmana,-2.33
2024-08-12,Expenses,Food,Dinar. Projecte Boscos. Bacon formatge i fanta,-8
2024-08-10,Income,Gasolina compartida,Monte Perdido 24'. Gasolina Oriol+Meva - Blablas,8
2024-08-10,Expenses,Food,Monte Perdido 24'. Dinar restaurant,-29.9
2024-08-09,Expenses,Food,Monte Perdido 24'. ⅓ pizza refu,-4
2024-08-09,Expenses,Allotjament,Monte Perdido 24'. Refu Goriz. Dormir tenda i dutxa entre 3,-12.08
2024-08-07,Expenses,Material ruta,Botes Muntanya. Merrell,-84.99
2024-08-07,Expenses,Material ruta,Campingaz,-5.49
2024-08-07,Expenses,Supermercat,Menjar ruta. 2 dies,-14.59
2024-08-07,Expenses,Gasolina,"38,44 L",-49.86
2024-08-07,Expenses,Supermercat,Monte Perdido 24'. Menjar ruta 3 dies,-19.52
2024-08-06,Expenses,Bici,"Reparació Rockrider 500S. Cadena, Desviador delanter, Centrat de roda",-93.93
2024-08-06,Expenses,Food,Cine. Maria. Sopar. Restaurant. It chicken,-9.72
2024-08-06,Expenses,Supermercat,Cine. Maria. Aigua,-1.25
2024-08-06,Expenses,Snacks,Cine. Maria. Xuxes,-6.38
2024-08-06,Expenses,Atraccions,Cine. Maria. Entrades Inside Out 2,-8.1
2024-08-06,Income,Gasolina compartida,St. Feliu de Guíxols 24'. Gasolina-blablas /2,5
2024-08-05,Expenses,Food,St. Feliu de Guíxols 24'. Cami. Sopar restaurant.,-33.25
2024-08-05,Expenses,Atraccions,St. Feliu de Guíxols 24'. Lloguer material via Ferrata,-18
2024-08-05,Expenses,Supermercat,St. Feliu de Guíxols 24'. Menjar ruta. 1 dia,-12.98
2024-08-05,Expenses,Gasolina,"23,49 L",-30.51
2024-08-04,Expenses,Prendre algo,Birres. Cami. Pati de casa,-5.5
2024-08-01,Expenses,Bici,Càmara,-3.49
2024-07-30,Expenses,Prendre algo,Sprite i gelat. Maria,-2.5
2024-07-27,Expenses,Gasolina,"38,17 L",-49.2
2024-07-27,Expenses,Supermercat,Sopar. Maria. Fajitas,-7.22
2024-07-27,Expenses,Food,Projecte Boscos. Gall Fer,-17.6
2024-07-27,Expenses,Prendre algo,Projecte Boscos. Clara,-2.2
2024-07-21,Expenses,Home,Rentadora. Projecte Boscos. 1 setmana,-2.33
2024-07-21,Expenses,Food,Pla de la Font 24'. Dinar. Gall fer. Ranchera i fanta,-15.2
2024-07-20,Expenses,Supermercat,Pla de la Font 24'. Menjar ruta. Esmorzar i dinar,-10.35
2024-07-20,Expenses,Allotjament,Pla de la Font 24'. Refugi guardat. Mitja pensió,-44
2024-07-14,Expenses,Supermercat,Esmorzar. Projecte Boscos. Croissants,-3
2024-07-14,Expenses,Gasolina,"35,56 L",-46.92
2024-07-14,Income,Gasolina compartida,St Cugat - Port Ainé. Oriol Cardoner,10
2024-07-14,Expenses,Food,Berenar. Projecte Boscos. Entrepà bacon formatge i suc de taronja,-7
2024-07-08,Expenses,Pàrquing,EISB,-3.7
2024-07-08,Expenses,Food,Dinar. Màster. Menú,-14
2024-07-05,Expenses,Food,Dinar. Ari i Arnau. Tagliatella,-17.3
2024-07-05,Expenses,Prendre algo,Ari i Arnau. Orxata,-3.2
2024-07-02,Expenses,Prendre algo,Clara. Maria,-2.65
2024-07-01,Expenses,Food,Sopar. JL i Vlad. Salero bici,-21.55
2024-06-30,Expenses,Gasolina,"50,30 L",-65.14
2024-06-29,Income,Gasolina compartida,Orri Maria Herrero. Anar i tornar menys blablacars,5
2024-06-29,Expenses,Supermercat,Orri Maria Herrero. Menjar Ruta,-13.24
2024-06-29,Expenses,Supermercat,Orri Maria Herrero. Jamón de Jabugo,-8
2024-06-28,Expenses,Food,Dinar. Joe León. Paella Ca La Rosi,-24.05
2024-06-26,Expenses,Food,Dinar. Feina. Paella,-6
2024-06-22,Expenses,Alcohol,6 birres,-6
2024-06-22,Expenses,Supermercat,Sopar. Festa hospi. Macarrons amb llibrets,-5.39
2024-06-19,Expenses,Snacks,Galetes oreo i xoco bàsiques,-1.89
2024-06-18,Expenses,Home,Mòbil. Reparació Samsung A31. Pantalla i punt de càrrega,-127
2024-06-16,Expenses,Gasolina,"47,54 L",-57.52
2024-06-15,Income,Gasolina compartida,24' Juny Benasque. Gasolina compartida,24.8
2024-06-15,Expenses,Allotjament,24' Juny Benasque. Refugi Àngel Orús dormir,-24.8
2024-06-15,Expenses,Gasolina,"23,13 L",-30
2024-06-14,Expenses,Supermercat,24' Juny Benasque. Menjar ruta,-18.52
2024-06-14,Expenses,Food,Dinar. Roger. Grampons i piolet,-17.15
2024-06-13,Expenses,Food,Dinar. Maria. El tastet d'alella,-20
2024-06-12,Expenses,Food,Sopar. Vlad. Salero,-13.5
2024-06-10,Expenses,Food,Dinar. Menjador. Feina.,-23.6
2024-06-09,Income,Gasolina compartida,Salou,25
2024-06-09,Expenses,Gift,Papes. Sopar. Durum,-14
2024-06-09,Expenses,Food,Sopar. Durum. Papes.,-7
2024-06-09,Expenses,Gasolina,"15,42 L",-19.68
2024-06-08,Expenses,Gift,Pastís Francisca Salou,-5
2024-06-08,Expenses,Food,Dinar. Màster.,-20.95
2024-06-07,Expenses,Supermercat,Dinar. Maria. Casa de Maria,-20
2024-06-06,Expenses,Food,Dinar. Maria. Mohana,-16
2024-06-02,Expenses,Gasolina,"25,14 L",-32.41
2024-06-02,Income,Gasolina compartida,"Moixeró. Vòrtex. Ona, Pol, Stamen",21.7
2024-06-02,Expenses,Food,Sopar. JL colla. Pizzes,-6.2
2024-06-01,Expenses,Food,Sopar. JL colla,-26.55
2024-05-30,Expenses,Supermercat,Dinar. Maria. Sorli,-20.33
2024-05-26,Expenses,Material ruta,Crema Solar,-33.95
2024-05-26,Expenses,Supermercat,Menjar ruta. Galetes digestive 2 packs,-3.28
2024-05-26,Expenses,Supermercat,Trobada de socis. Menjar ruta.,-13.47
2024-05-26,Expenses,Supermercat,Trobada de socis. Menjar ruta. Pa,-0.79
2024-05-26,Expenses,Gasolina,"22,78 L",-29.36
2024-05-25,Expenses,Food,Dinar. Projecte boscos,-20
2024-05-24,Expenses,Gasolina,"33,57 L",-44.04
2024-05-23,Expenses,Gift,Maria. Esmorzar. Café + Cookie,-3.95
2024-05-23,Expenses,Supermercat,Esmorzar. Maria. Napolitana,-2
2024-05-19,Expenses,Supermercat,Cap de creus POR. Menjar ruta.,-13.97
2024-05-19,Income,Gasolina compartida,"Cap de Creus POR. Gasolina compartida (27,44/3)",18.3
2024-05-19,Expenses,Gasolina,"20,33 L",-26.41
2024-05-18,Expenses,Food,Sopar. Aniversari Ortiz,-10.3
2024-05-17,Expenses,Supermercat,Menjar ruta. Meli,-15.95
2024-05-17,Expenses,Gasolina,"26,11",-34.44
2024-05-16,Expenses,Car,Reparació tub netejaparabrises i vibració pantalla,-70.6
2024-05-13,Expenses,Supermercat,Menjar ruta. Infusió.,-1.39
2024-05-13,Expenses,Gift,Maria. Infusió,-2.79
2024-05-11,Expenses,Atraccions,Karting Cardedeu,-51.07
2024-05-11,Expenses,Alcohol,Festa. Cubata,-7
2024-05-11,Expenses,Alcohol,Festa. 2 birres,-6
2024-05-10,Expenses,Supermercat,Esmorzar. Maria. Ensaimada i Donut,-3
2024-05-09,Expenses,Food,Dinar. Menjador. Feina.,-32.8
2024-05-08,Expenses,Pàrquing,Dinar. Meli. Arc de Triomf 2h,-6
2024-05-08,Expenses,Gasolina,"47,55 L",-63.76
2024-05-08,Expenses,Supermercat,Dinar. Meli,-2.99
2024-05-08,Expenses,Snacks,Galetes.,-9.39
2024-05-08,Expenses,Perruqueria,Peluqueria Ramon,-17.5
2024-05-01,Expenses,Food,Dinar. Ona. La república menú,-27
2024-04-27,Expenses,Pàrquing,Ona. Cosmocaixa,-4.48
2024-04-26,Expenses,Food,Sopar. Ona. Xino,-14.6
2024-04-24,Expenses,Car,Llums halògenes,-20
2024-04-24,Expenses,Car,ITV,-45.59
2024-04-23,Expenses,Gift,Mireia. St Jordi. Rosa,-3
2024-04-23,Expenses,Gift,Mama. St Jordi. Rosa,-3
2024-04-23,Expenses,Gift,Ona. St Jordi. Ram,-40
2024-04-23,Expenses,Snacks,St Jordi. Galetes amb xocolata,-5.05
2024-04-23,Expenses,Tren,Bus. Sant Jordi. Premià - Plaça Tetuan,-3.65
2024-04-21,Expenses,Gasolina,"20,09 L",-27.62
2024-04-21,Income,Gasolina compartida,Gallina pelada. Oriol. (27-5 /2),11
2024-04-19,Expenses,Supermercat,Gallina Pelada. Oriol. Menjar ruta 2 dies,-14.71
2024-04-19,Expenses,Gasolina,"40,70 L",-56.78
2024-04-17,Expenses,Material ruta,Campingaz. Dos cv300 i dos cilíndriques,-4
2024-04-13,Expenses,Gift,Ona. Crosaints,-5.24
2024-04-07,Expenses,Food,Dinar. Roser i Matias.,-21.37
2024-04-07,Expenses,Prendre algo,Roser i Matias. Vermut,-6.53
2024-04-05,Expenses,Gift,Ona. Flors,-3
2024-04-04,Expenses,Food,Dinar. Menjador. Feina.,-24.6
2024-04-01,Expenses,Gasolina,"23,98 L",-32.59
2024-04-01,Expenses,Peatge,Cantàbria 24'. Tornada,-28.1
2024-04-01,Expenses,Gasolina,"34,61 L",-44.92
2024-03-31,Expenses,Supermercat,Cantàbria 24'. Menjar ruta,-0.4
2024-03-31,Expenses,Food,Cantàbria 24'. Sopar. Mesón marinero,-37.2
2024-03-31,Expenses,Allotjament,Cantàbria 24'. Dutxa,-4
2024-03-31,Expenses,Supermercat,Cantàbria 24'. Menjar ruta,-3.8
2024-03-31,Expenses,Gasolina,"18,59 L",-25
2024-03-30,Expenses,Snacks,Cantàbria 24'. Xurros i croissants,-7.8
2024-03-30,Expenses,Supermercat,Cantàbria 24'. Formatge Cantàbria,-3.95
2024-03-30,Expenses,Roba,Cantàbria 24'. Sudadera,-18
2024-03-29,Expenses,Food,Cantàbria 24'. Esmorzar Fuente Dé,-4.9
2024-03-29,Expenses,Atraccions,Cantàbria 24'. Telefèric Fuente Dé,-24
2024-03-29,Expenses,Allotjament,Cantàbria 24'. Hotel El Jisu + sopar,-53.25
2024-03-28,Expenses,Prendre algo,Cantàbria 24'. Vermut,-10.5
2024-03-28,Expenses,Atraccions,Cantàbria 24'. Castell de Vicente de la Barquera,-2
2024-03-28,Expenses,Gift,Cantàbria 24'. Souvenirs. Quesada i corbatas,-8.29
2024-03-27,Expenses,Food,Cantàbria 24'. Sopar. La Braseria,-22
2024-03-27,Expenses,Allotjament,Cantàbria 24'. Dutxa,-3
2024-03-27,Expenses,Supermercat,Cantàbria 24'. Menjar ruta,-4.18
2024-03-27,Expenses,Home,Cantàbria 24'. Sabó i Xampú,-5.6
2024-03-26,Expenses,Food,Cantàbria 24'. Berenar. Bar Santi,-10.4
2024-03-26,Expenses,Atraccions,Cantàbria 24'. Cuevas Altamira,-1.5
2024-03-25,Expenses,Atraccions,Cantàbria 24'. Zoo. Cabárcenas,-24
2024-03-25,Expenses,Supermercat,Cantàbria 24'. Menjar ruta,-1.9
2024-03-25,Expenses,Food,Cantàbria 24'. Sopar. La barruca,-26.1
2024-03-25,Expenses,Gasolina,"27,32 L",-36.72
2024-03-25,Expenses,Gasolina,50 L,-63.9
2024-03-24,Expenses,Food,Cantàbria 24'. Dinar. Lleida,-2.05
2024-03-24,Expenses,Gasolina,"2,44 L",-4
2024-03-24,Income,Gasolina compartida,Cantàbria 24'. Gasolina i peatges compartits Ona,36.38
2024-03-24,Expenses,Peatge,Cantàbria 24'. Anada,-28.65
2024-03-24,Expenses,Gasolina,"3,69 L",-6
2024-03-24,Expenses,Atraccions,Karting Comaruga,-53.65
2024-03-23,Expenses,Car,Cantàbria 24'. inflar rodes,-1
2024-03-23,Expenses,Supermercat,Dinar. Calçotada físics,-11
2024-03-23,Expenses,Car,Impost vehicles de tracció mecànica,-63.05
2024-03-23,Expenses,Food,Sopar. Ona. McDonald's. 2 cheeseburgers i fanta,-4.81
2024-03-22,Expenses,Supermercat,Cantàbria 24'. Menjar ruta,-42.74
2024-03-22,Expenses,Furgo,Pot,-1.75
2024-03-17,Expenses,Food,Dinar. Maria.,-21
2024-03-16,Expenses,Gasolina,"27,99 L",-40
2024-03-16,Expenses,Prendre algo,"Ari i Isma. Turó de l'home. Cocacola, patates i olives",-6.13
2024-03-16,Expenses,Material ruta,Dron. Mavic 2 + targeta SD (20€) + 2 bateries (2×55€),-429
2024-03-10,Expenses,Prendre algo,Ona. Clara i Braves.,-4.6
2024-03-10,Expenses,Food,Dinar. Ona. Xino port,-16.38
2024-03-10,Expenses,Pàrquing,Dinar. Ona. Port del Masnou,-0.46
2024-03-08,Expenses,Food,Dinar. Menjador. Feina.,-24.6
2024-03-02,Expenses,Gift,"Ona. 1 bolso, 2 jerseis",-37.97
2024-03-02,Expenses,Food,Dinar. Ona Ari Isma. Nepalí,-17
2024-03-02,Expenses,Food,Sopar. Ona. Cuina de Nacho.,-7.4
2024-03-02,Expenses,Gasolina,"48,48 L",-67.29
2024-03-02,Expenses,Gasolina,"2,99 L",-4.8
2024-02-25,Expenses,Food,Sopar. Padel. Hamburguesa,-17
2024-02-25,Expenses,Tennis,Padel 90 min,-7.8
2024-02-24,Expenses,Food,Dinar. Calçotada Batlló,-21.09
2024-02-18,Income,Gasolina compartida,Ari. Llívia - Vic,6
2024-02-18,Income,Gasolina compartida,Ona. Roca - Llívia - Roca,12
2024-02-17,Expenses,Projecte Boscos,Quota soci,-24
2024-02-17,Expenses,Supermercat,"Llívia Ona,Ari,Oriol 23'. Menjar",-6.23
2024-02-16,Expenses,Gasolina,"46,01",-63.1
2024-02-16,Expenses,Food,"Llívia Ona,Ari,Oriol 23'. Esmorzar bar i entrepans per emportar.",-10.1
2024-02-16,Expenses,Supermercat,"Llívia Ona,Ari,Oriol 23'. Menjar",-6.62
2024-02-12,Expenses,Food,Llívia Feb 24'. Ona. Sopar. Cita menú chuletón,-34
2024-02-12,Expenses,Food,Dinar. Menjador. Feina.,-24.6
2024-02-11,Expenses,Atraccions,Llívia Feb 24'. Ona. Tirolina la Molina,-32
2024-02-10,Expenses,Prendre algo,Llívia Feb 24'. Ona. Cacaolat i braves,-4.95
2024-02-10,Expenses,Food,Llívia Feb 24'. Ona. Entrepans ruta fets,-9
2024-02-10,Expenses,Atraccions,Llívia Feb 24'. Ona. Banys de Llo,-15
2024-02-09,Expenses,Supermercat,Llívia Feb 24'. Ona. Menjar,-30.88
2024-02-09,Expenses,Gasolina,"44,81",-60
2024-02-03,Expenses,Gift,Ona. Aniversari Ona 25' Bata zebra,-11.68
2024-02-03,Expenses,Gift,Ona. Aniversari Ona 25'. Regal compartit amb Lua,-4
2024-02-03,Expenses,Gift,Ona. Aniversari Ona 25'. St Claus cigarro,-34.95
2024-02-02,Expenses,Atraccions,"Ona. Cine (18,60/2)",-9.3
2024-02-02,Expenses,Snacks,"Ona. Cine. Crispetes grans, 1L refresc, xuxes (13,62/2)",-6.81
2024-01-31,Expenses,Car,Assegurança tercers ampliat,-349.72
2024-01-26,Expenses,Food,Sopar. Ona i JL colla. Durum,-6.53
2024-01-23,Expenses,Gasolina,"37,07L",-50
2024-01-21,Expenses,Food,Beget. Ona. Esmorzar. Xoco desfeta i croissant. Taverna Freixenet,-4.3
2024-01-21,Income,Gasolina compartida,Ona. Beget,12.2
2024-01-21,Expenses,Work,Tippex. 3 unitats,-5.99
2024-01-21,Expenses,Home,Pasta de dents. Licor del polo 75 ml x 2,-3.98
2024-01-21,Expenses,Home,Xampú 500 ml herbal bonpreu,-2.09
2024-01-20,Expenses,Supermercat,"Beget. Ona. Menjar ruta (pa, maduixes, mandarines). (6,67/2)",-3.34
2024-01-20,Expenses,Food,Beget. Ona. Sopar. Restaurant can Po,-24.82
2024-01-19,Expenses,Food,sopar,-23.22
2024-01-14,Expenses,Prendre algo,Puse. Aniversari. Braves. Vallmora.,-6.8
2024-01-13,Expenses,Cotxe compartit,Ivan. Dinar Ripoll. La bisbal,-10
2024-01-10,Expenses,Gasolina,"38,49 L",-50
2024-01-06,Expenses,Tennis,Padel. 2h. Aniversari Garriga,-10.5
2024-01-06,Expenses,Food,Garriga. Aniversari. Sopar. Pizza di Pietro,-25
2024-01-05,Expenses,Food,Jocs de Taula. Alex i Pere. Sopar. Xino,-10.85
2024-01-05,Expenses,Snacks,4 xurros,-2
2024-01-05,Expenses,Prendre algo,"24-1-4 Salou Ona. Tarragona clara i braves (10,60/2)",-5.3
2024-01-05,Expenses,Gift,Alex. 3 Birres,-2.37
2024-01-05,Expenses,Alcohol,Jocs de Taula. Alex i Pere. 3 birres,-2.37
2024-01-04,Expenses,Atraccions,24-1-4 Salou Ona. Museu fortificacions Tarragona (5/2),-2.5
2024-01-04,Expenses,Pàrquing,24-1-4 Salou Ona. Tarragona (1/2),-0.5
2024-01-04,Expenses,Supermercat,24-1-4 Salou Ona. Paki. Sal i Oli (11/2),-5.5
2024-01-03,Expenses,Supermercat,"24-1-4 Salou Ona. Menjar Lidl (16,96/2)",-8.48
2024-01-03,Expenses,Food,"24-1-4 Salou Ona. Dinar Indi Fox&Hounds. ceba cruixent, 2 pollastres indis, arròs, pa, fanta, aigua (36,65/2)",-18.32
2024-01-01,Expenses,Food,Sopar cap d'any. Ona,-15
2023-12-30,Expenses,Food,"Llívia Roger&Ari 23. Pa, tomàquets sucar i raviolis",-5.23
2023-12-29,Expenses,Atraccions,Llívia Roger&Ari 23. Parc d'animals,-16
2023-12-28,Expenses,Atraccions,Llívia Roger&Ari 23. Banys de Llo,-17
2023-12-27,Expenses,Peatge,Llívia Roger&Ari 23. Túnel del Cadí anada,-13.48
2023-12-27,Expenses,Food,Llívia Roger&Ari 23. Menjar,-30.53
2023-12-25,Expenses,Gift,Ivan. Regal posavasos per furgo,-7
2023-12-25,Expenses,Gift,Matias. Fanta i poma,-0.88
2023-12-25,Expenses,Gift,Mireia. After eight taronja.,-4.49
2023-12-25,Expenses,Gift,Roser. After eight taronja.,-4.49
2023-12-25,Expenses,Gift,Mireia. Xuxes maduixa,-1.39
2023-12-25,Expenses,Gift,Papa. Xuxes cocodrils,-1.99
2023-12-25,Expenses,Gift,Mama. Xuxes fruita,-1.65
2023-12-25,Expenses,Gift,Papa. Galetes figues,-1.69
2023-12-25,Expenses,Gift,Mireia. Galetes pims,-1.25
2023-12-25,Expenses,Gift,Roser. Xuxes picants,-2.09
2023-12-25,Expenses,Gift,Roser. Galetes pims,-0.95
2023-12-25,Expenses,Gift,Zen. Monopatí (111/5),-22.2
2023-12-25,Expenses,Gift,Papa. St Claus cigarro,-33.95
2023-12-25,Expenses,Gift,Papa. Xuxes regalècia,-3
2023-12-25,Expenses,Gift,Zen. Joguina de fusta Angel El Masnou,-3.5
2023-12-25,Expenses,Gift,Mama. Jersei,-39
2023-12-25,Expenses,Gift,Mimi. Arrecades,-5
2023-12-25,Expenses,Gift,Roser. Arrecades,-5
2023-12-25,Expenses,Gift,Dinar nadal. Torró crema. Cardedeu,-12.75
2023-12-25,Expenses,Gift,Dinar Nadal. Torró tou,-6
2023-12-25,Expenses,Gift,Papis. Val cal cofa (80/4),-20
2023-12-24,Expenses,Gasolina,"36,18 L",-47
2023-12-24,Expenses,Peatge,"Llívia Ona 23. Túnel del Cadí tornada (13,48/2)",-6.74
2023-12-23,Expenses,Alcohol,Llívia Ona 23. Avalanche. Cóctel.,-10
2023-12-23,Expenses,Gift,Ona. Cóctel i birra,-16
2023-12-22,Expenses,Food,"Llívia Ona 23. Menjar (43,59+2,22/2)",-22.91
2023-12-21,Expenses,Food,Feina. Menjador,-16.4
2023-12-20,Expenses,Gasolina,"Combo 46,81 L",-60.8
2023-12-17,Expenses,Prendre algo,Alba. Cacaolat,-2.2
2023-12-16,Expenses,Food,Dinar. Menjador. Feina.,-36.9
2023-12-16,Expenses,Gift,Ona. cafè,-2
2023-12-16,Expenses,Gift,Ona. Xuxes,-3
2023-12-16,Expenses,Prendre algo,Ona. Cocacola,-2
2023-12-13,Expenses,Gasolina,"3,15 L",-5
2023-12-13,Expenses,Gasolina,"36,78L",-50
2023-12-13,Expenses,Snacks,"Cotxe reparació. torrades tomàquet, galetes xoco, galetes pepitas",-2.94
2023-12-13,Expenses,Car,"Cotxe reparació. Cambi caixa de canvis (350) + oli de caixa (50) + 21% iva, embrage nou by Noé",-484
2023-12-13,Expenses,Tren,Cotxe reparació. Caixa de canvis combo. Sants-Figueres,-16
2023-12-13,Expenses,Food,Cotxe reparació. Dinar. Durum,-6
2023-12-10,Expenses,Cotxe compartit,"Creixell pont23'. Oriol gasolina anada, tornada + trajectes",-10.33
2023-12-09,Expenses,Prendre algo,Creixell pont23'. Cacaolat i braves,-4.6
2023-12-08,Expenses,Food,"Creixell pont23'. Menjar súper (15,85/3)",-5.28
2023-12-06,Expenses,Food,Creixell pont23'. Sopar restaurant,-17.04
2023-12-06,Expenses,Food,"Creixell pont23'. Menjar super (65,14/4)",-16.28
2023-12-03,Expenses,Cotxe compartit,Karts. Pere. Teià-Castellolí-Teià (15/3),-5
2023-12-03,Expenses,Atraccions,"Karting. Castellolí. 10' warmup, 10' classificatoria, 10' carrera",-59
2023-12-02,Expenses,Gasolina,"Pixo. 10,43 L",-15
2023-12-01,Expenses,Banc,Combo. Comissió transferencia instantània. Canvi de marxes de 100km.,-0.95
2023-12-01,Expenses,Car,Combo. Canvi de marxes de 100 km,-990
2023-12-01,Expenses,Food,Sopar. Ona. Tapes,-11.17
2023-11-19,Expenses,Gasolina,"Pixo. 21,22L",-30
2023-11-18,Expenses,Food,Salou. Feina. Burger King,-10.45
2023-11-17,Expenses,Food,Sopar. JL. Xino. Despedida JL,-12.45
2023-11-16,Expenses,Peatge,Per error. Vallvidrera.,-4.88
2023-11-15,Expenses,Gasolina,"Subaru 22,16 L",-31
2023-11-11,Expenses,Cotxe compartit,Blabla. Revisió cambi cotxe combo. Roses-Barcelona,-9
2023-11-11,Expenses,Gasolina,"8,17 L",-12
2023-11-05,Expenses,Food,Dinar. Batlló.,-30
2023-11-03,Expenses,Food,Durum,-5.5
2023-11-03,Expenses,Alcohol,2 canyes,-5.2
2023-10-31,Expenses,Food,Dinar. Menjador. Feina. 5 dies,-20.5
2023-10-31,Expenses,Food,Sopar. Marc Monforte. Halloween,-10
2023-10-27,Expenses,Gasolina,"44,21 L",-65.56
2023-10-27,Expenses,Alcohol,"Projecte boscos. Ratafia (12,50/2)",-6.5
2023-10-27,Income,Gasolina compartida,Pruñanosa x1 garcia x2,30
2023-10-27,Expenses,Snacks,"Projecte boscos. Snacks berenar cotxe.  galetes xoco, oreo, torrades tomàquet",-3.59
2023-10-24,Expenses,Food,La Salle. Bikini,-2.85
2023-10-22,Expenses,Prendre algo,Gladis Lloret de Mar. Cocacola,-2.2
2023-10-22,Expenses,Food,"Sopar, Esmorzar i Dinar. Rusi. Super",-16.9
2023-10-21,Expenses,Car,Inflar rodes,-1
2023-10-21,Expenses,Food,Dinar. Rusi. Hamburguesa i cocacola,-9.5
2023-10-20,Expenses,Food,Sopar. JL colla. pizza i cocacola,-16.65
2023-10-20,Expenses,Health,Karting. Relaxant muscular Robaxin,-1.6
2023-10-16,Expenses,Health,Karting. Cop esquena. Enantyum 20mg 20 pastilles,-4
2023-10-15,Expenses,Gasolina,"42,61",-66
2023-10-15,Expenses,Atraccions,Karting. Indoor Karting Barcelona,-55
2023-10-15,Expenses,Food,Llívia23-10. Esmorzar entrepà mitjà fuet,-3
2023-10-14,Expenses,Food,Llívia23-10. 9 nuggets,-6.8
2023-10-14,Expenses,Alcohol,"Llívia23-10. Vodka, birres 5,35-1,12",-4.23
2023-10-14,Expenses,Alcohol,"Llívia23-10. 12 birres i 4 iogurts (9,66/3)",-3.22
2023-10-14,Expenses,Food,Llívia23-10. Sopar pizza,-3.22
2023-10-14,Expenses,Alcohol,Llívia23-10. Discoteca Badiu. Entrada + consumició,-15
2023-10-13,Expenses,Food,"Llívia23-10. Super Dinar, Sopar i Birres",-11.24
2023-10-13,Expenses,Food,Llívia23-10. Esmorzar divendres bar,-6.68
2023-10-13,Expenses,Food,Llívia23-10. Sopar la llum,-14.04
2023-10-13,Expenses,Peatge,Manresa,-9
2023-10-13,Expenses,Peatge,Túnel cadí,-13.48
2023-10-12,Expenses,Atraccions,Llívia23-10. Banys termals Dorres,-5.5
2023-10-12,Expenses,Alcohol,Llívia23-10. Còctails Avalanche,-8.8
2023-10-12,Expenses,Food,Llívia23-10. Dinar bar menú,-20
2023-10-12,Expenses,Food,Llívia23-10. Esmorzar bar. Entrepà i donut,-4.9
2023-10-11,Expenses,Food,Llívia23-10. Paki sopar,-2.66
2023-10-11,Expenses,Tennis,Reserva pista tennis Manel,-4
2023-10-08,Expenses,Food,Dinar. JL colla. Pizzes,-10.74
2023-10-06,Expenses,Health,Ibuprofeno. Per ungla dit gros peu esquerre,-0.79
2023-10-06,Expenses,Food,Sopar. Jl colla. Aniversari Albert Fernández. Cambray,-31
2023-10-01,Income,Gasolina compartida,"La brama. Teià - Castellar de N'Hug - Refu - Castellar - Teià. 303 km • 5,9L/100 km • 1,519€/L = 27,15€ + 21,67€ de altre cotxe tot entre 4",14.92
2023-10-01,Expenses,Gasolina,"44,00L",-66.84
2023-10-01,Expenses,Food,"La Brama. Esmorzar. 1 croissant xoco (2,35) i 1 taronja (0,80)",-3.15
2023-09-30,Expenses,Food,La brama. Sopar. Fideus de brou i truita,-5.4
2023-09-30,Expenses,Food,"La brama. Dinar. Pa amb tomàquet, pernil i formatge neu del cadí",-9.55
2023-09-30,Expenses,Food,Dinar. Menjador. Feina. 5 dies,-20.5
2023-09-26,Expenses,Food,"JL. Monforte. Carla. Pau. Sopar. Lomoqueso (4,50), 1canya(2,10), 1clara (2,10)",-8.7
2023-09-26,Expenses,Alcohol,12 birres estrella llauna,-7.92
2023-09-25,Expenses,Home,Carregador mòbil i rellotge. Enviar,-1.75
2023-09-24,Expenses,Gasolina,"combo 19,49 L",-30
2023-09-21,Expenses,Food,Sopar. Restaurant El Clot Pollastre. Caterina,-17
2023-09-21,Expenses,Snacks,Berenar. Caterina. 4 birres,-9.17
2023-09-19,Expenses,Food,"Sopar. Cuina dels capitans. Caterina. Menú nit, copa de vi i fanta",-32
2023-09-18,Expenses,Prendre algo,Xoco amb xurrus. Caterina,-4.7
2023-09-15,Expenses,Furgo,"Revisió bateria, instal·lació taula interior, calaix aigua, 8 fusibles (2pers×3,5h×24€/h+21% Iva). Camper Attitude, Granollers",-203.28
2023-09-13,Expenses,Gift,Núria. 2 cafès,-2.5
2023-09-13,Expenses,Food,Berenar. Entrepà de fuet,-4
2023-09-13,Expenses,Casament,peluqueria Ramón,-10
2023-09-11,Expenses,Gasolina,"49,03L",-74.48
2023-09-09,Income,Gasolina compartida,"Cadí23. Teià-Bellver-Teià (30,24/3 ×2)",20.16
2023-09-09,Expenses,Cotxe compartit,Cadí23. Gasolina Lluís StCugat-Atmetlla-StCugat,-2.17
2023-09-09,Expenses,Food,"Cadí23. Birra, braves i Dinar bar.",-24.33
2023-09-09,Expenses,Food,"Cadí23. Menjar ruta (64,08/3)",-21.36
2023-09-08,Expenses,Material ruta,Suunto. Cable càrrega suunto 9 Baro,-5.73
2023-09-06,Expenses,Prendre algo,Caterina. Cocacola,-2.5
2023-09-06,Expenses,Tren,Caterina. Clot anada i tornada.,-4.48
2023-09-05,Expenses,Gasolina,25 L,-33
2023-09-03,Expenses,Gasolina,"17,82",-26
2023-09-03,Expenses,Food,Dinar. Projecte Boscos. Gallfer. Pizza ranchera i cocacola,-14
2023-08-27,Expenses,Projecte Boscos,2 birres,-3
2023-08-19,Expenses,Prendre algo,Ari. Cocacola i donut,-3.52
2023-08-19,Expenses,Prendre algo,Ari. Cocacola,-1.18
2023-08-18,Expenses,Prendre algo,Ari. Crepe Puigcerdà,-5.5
2023-08-18,Expenses,Food,Ari. Pizza seu Urgell,-7
2023-08-18,Expenses,Food,Ari. Pa 3 barres,-2.2
2023-08-17,Expenses,Gasolina,"Alps23. Puigcerdà. 19,12 L. 1,569€/L",-30
2023-08-17,Expenses,Gasolina,"Alps23. Mont-Louis. 4,38L. 1,960€/L",-8.58
2023-08-17,Expenses,Peatge,Alps23. Peage Cedex. Montpellier-Perpignan,-16.2
2023-08-17,Expenses,Pàrquing,Alps23. Gare Montpellier. 15min per recollir passergers,-1.9
2023-08-17,Expenses,Peatge,Alps23. Peage Cedex,-4.8
2023-08-17,Expenses,Gasolina,"Alps23. Aix de Provence. 29,99L. 1,812€/L",-54.34
2023-08-17,Expenses,Peatge,Alps23. Peage Vinci,-16.8
2023-08-17,Expenses,Peatge,Alps23. Peage Vinci,-3.4
2023-08-17,Expenses,Peatge,Alps23. Peage Vinci,-1.5
2023-08-16,Expenses,Gasolina,"Alps23. Bolzano. 27,25L. 1,839€/L",-50.11
2023-08-16,Income,Blablacar,Alps23. Milà-Puigcerdà,50
2023-08-16,Income,Blablacar,Alps23. Milà-Cannes,25
2023-08-16,Income,Blablacar,Alps23. Nica-PortSantMartinDuRhôine,14
2023-08-16,Income,Blablacar,Alps23. Nica-Aix de Provence × 2,16
2023-08-16,Expenses,Peatge,Alps23. Peage Vinci,-3
2023-08-16,Expenses,Peatge,Alps23. Pedaggio Milan-Génova,-20
2023-08-14,Expenses,Furgo,Alps23. Electricitat. Passo Pordoi,-2.5
2023-08-13,Expenses,Food,Alps23. Menjar ruta. Arabba,-15.85
2023-08-11,Expenses,Food,Alps23. Menjar ruta. Toblach coop,-2.88
2023-08-11,Expenses,Food,Alps23. Menjar ruta. Dobbiaco,-11.95
2023-08-11,Expenses,Gift,Família. Alps23. Souvenirs 4 birres i 1L limoncello,-12.21
2023-08-10,Expenses,Food,Alps23. Menjar Ruta. Nierdorf,-18.48
2023-08-08,Expenses,Peatge,Alps23. Pedaggio Milano-Venice (except 11€ from Ceci),-9
2023-08-08,Expenses,Peatge,Alps23. Pedaggio. Milano-Venice (except for 11€ from Ceci),-8.2
2023-08-08,Expenses,Gasolina,"Alps23. before Venice. 13,16L. 1,899€/L",-25
2023-08-08,Expenses,Peatge,Alps23. Pedaggio. Leon paid,-6.4
2023-08-08,Expenses,Pàrquing,"Alps23. Venice. 0,80€/h",-0.55
2023-08-08,Expenses,Food,Alps23. Menjar ruta. Super Coop,-16.26
2023-08-08,Expenses,Peatge,Alps23. Pedaggio. Sortie Venice mistake,-2.5
2023-08-08,Expenses,Gasolina,"Alps23. Venice. 42,66L. 1,769€/L.",-75.47
2023-08-08,Expenses,Prendre algo,Alps23. Esmorzar. Pastisseria Venecia. Caracola i Canolo,-4.1
2023-08-07,Expenses,Gift,Alps23. Gasolinera es queda 15€,-15
2023-08-07,Expenses,Gasolina,"Alps23. after Milan 14,05L. 1,779€/L",-25
2023-08-07,Expenses,Peatge,"Alps23. Pedaggio. Milano entrance. (except 0,50 from Marjorie)",-1
2023-08-07,Expenses,Gasolina,"Alps23. La Jonquera. 18,16L. 1,649€/L",-29.95
2023-08-07,Expenses,Gasolina,"Alps23. Verona. 13,74 L. 1,818€/L",-24.99
2023-08-07,Expenses,Food,Alps23. Wrap al llac,-7
2023-08-07,Expenses,Peatge,Alps23. Peage.,-4.8
2023-08-07,Expenses,Peatge,Alps23. Peage.,-6.9
2023-08-07,Expenses,Peatge,Alps23. Peage.,-9.3
2023-08-07,Expenses,Peatge,Alps23. Peage.,-4.6
2023-08-07,Expenses,Food,Pizza Sfarinando Milano,-9
2023-08-07,Expenses,Peatge,Alps23. Pedaggio. Cobrat dia 11,-7.3
2023-08-07,Expenses,Peatge,Alps23. Pedaggio. Cobrat dia 11,-5.3
2023-08-07,Income,Blablacar,Alps23. Milà-Venècia,12
2023-08-07,Income,Blablacar,Alps23. Montpellier-Venècia,42
2023-08-07,Income,Blablacar,Alps23. Montpellier-Venècia,42
2023-08-07,Income,Blablacar,Alps23. Barcelona-Montpellier,16
2023-08-07,Income,Blablacar,Alps23. Barcelona-Perpinyà,8
2023-08-07,Income,Blablacar,Alps23. Barcelona-Milà,46
2023-08-07,Income,Blablacar,Alps23. Barcelona-Turín,39
2023-08-06,Expenses,Gift,Núria. Durum,-5.5
2023-08-06,Expenses,Food,Alps23. Menjar. Condis el Masnou.,-16.34
2023-08-05,Expenses,Pàrquing,Cau. Plaça de les dones. Sopar post campes.,-0.45
2023-07-30,Expenses,Material ruta,Crema Solar,-15.73
2023-07-29,Expenses,Gift,2 aigues pel cau,-2.2
2023-07-26,Expenses,Prendre algo,Aigua. Odei. Passeig platja,-1.38
2023-07-23,Expenses,Gasolina,"Combo 24,54L",-33.35
2023-07-23,Expenses,Food,"Barbacoa. Amics física. Monforte, Ramos",-11.65
2023-07-22,Expenses,Food,Esmorzar. Núria. Coaliment. Napolitanes xoco i galetes Lotus,-3.34
2023-07-21,Expenses,Food,Dinar. Josep Lluís. Pizza a punt domicili,-14.26
2023-07-21,Expenses,Food,Sopar. Josep Lluís. Xino port. Menú nit,-12.95
2023-07-20,Expenses,Alcohol,Birres amb JL,-5.5
2023-07-20,Expenses,Health,Ulleres graduades Lobster Chance,-126
2023-07-20,Expenses,Prendre algo,Gabri. Cocacola,-1.2
2023-07-20,Expenses,Atraccions,Kayak. Lloguer 1h Badalona. Gabri,-15
2023-07-19,Expenses,Gift,Papa. Dinar. Mc Donald's. Menú mità quart de lliure. Apple pie,-9.06
2023-07-19,Expenses,Gift,Mama. Dinar. Mc Donald's. Mc flurry Mini,-1.01
2023-07-19,Expenses,Gift,Mama. Dinar. Mc Donald's. Menú doble chicken mayo,-4.51
2023-07-19,Expenses,Food,Dinar. Casa. McDonald's. Menú mitjà triple cheese,-6.01
2023-07-18,Expenses,Food,Berenar. Núria. Platan amb llimona,-4
2023-07-17,Expenses,Food,"Dinar. Cau. Lasaña, filipinos, trina",-5.89
2023-07-17,Expenses,Casament,Condons. Durex sensitivo suave. 144.,-43.5
2023-07-16,Expenses,Gasolina,"21,48 L",-28.14
2023-07-16,Income,Blablacar,La Floresta - Isona. Jaceline. 3 persones,39
2023-07-16,Income,Gasolina compartida,Aleix Matilló. Rialp - Sabadell,10
2023-07-16,Expenses,Prendre algo,Roser. Ràfting Llavorsí. Hotel Riberies,-2.3
2023-07-16,Expenses,Gift,Roser. 2€ per cocacola,-2
2023-07-16,Expenses,Gift,Roser. Ràfting. Aigua i Cafè,-4.2
2023-07-16,Expenses,Gasolina,"48,01L",-64.29
2023-07-14,Income,Banc Sabadell,Promo,39.91
2023-07-12,Expenses,Food,Sopar. Núria. Pizza,-9.5
2023-07-11,Expenses,Gift,Monforte. Braves (5/5) i Morros (5/5),-2
2023-07-11,Expenses,Prendre algo,"Padel. Pallejà. Monforte, Carla, Carla, Pau. Cocacola (1,90), Braves (5/5), Morros (5/5)",-3.9
2023-07-11,Expenses,Tennis,"Padel. Monforte, Carla, Pau. Lloguer pista. 1h papiol",-8.23
2023-07-11,Expenses,Gift,Carla (Marc Monforte). Braves (5/5) i Morros (5/5),-2
2023-07-09,Expenses,Material ruta,2 bombones de gas,-19.98
2023-07-09,Income,Gasolina compartida,"Bassegoda23. 6 cotxes, 11 persones",18.57
2023-07-09,Expenses,Allotjament,Bassegoda23. Càmping Montagut,-12.37
2023-07-08,Expenses,Food,Bassegoda23. Menjar Ruta,-15.25
2023-07-08,Expenses,Allotjament,Bassegoda23. Allotjament,-5.45
2023-07-05,Expenses,Food,Veler. Sopar. Durum,-4.9
2023-07-05,Income,Gasolina compartida,Campaments foc nou,33
2023-07-05,Expenses,Tren,1 viatge T10 2zones. C15 Masnou-Teià,-2.24
2023-07-04,Expenses,Gift,Veler. Ramos. Viatge en tren,-1.2
2023-07-04,Expenses,Food,Veler. Sopar. Xino port. Menú nit,-12.95
2023-07-03,Expenses,Food,Veler. Dinar. Frankfurt port. Brawstburt i canya,-7.1
2023-07-03,Expenses,Gift,Veler i Pau. 6 aigues.,-1.38
2023-07-03,Expenses,Food,"Veler. Dinar. Fideuà, Burger (8,48/2)",-4.24
2023-07-03,Expenses,Atraccions,Veler. Lloguer del veler.,-301.67
2023-06-29,Expenses,Food,Dinar. Feina. Cal Buguès,-27
2023-06-29,Expenses,Furgo,Suport pota taula interior. D Recesed Conection,-13.2
2023-06-29,Expenses,Material ruta,Paravent per cuina portàtil,-11.42
2023-06-29,Expenses,Gasolina,"Combo. 44,18 L",-58.27
2023-06-28,Expenses,Food,"Sopar. Amics Bergantí. Burger, aigua, maxibon a Padel Maresme",-12.5
2023-06-25,Expenses,Food,"Formatge, pernil, fuet Francès",-7.54
2023-06-25,Expenses,Peatge,Túnel Cadí tornada,-13.48
2023-06-25,Income,Gasolina compartida,Teià - Llívia - Teià (45-39blabla /3),4
2023-06-25,Income,Blablacar,Guardiola de Berguedà - Barcelona,9
2023-06-25,Income,Blablacar,Puigcerdà - Teià,11
2023-06-24,Expenses,Food,Cal Cofa,-32.54
2023-06-24,Expenses,Food,Pizza papa,-13.62
2023-06-24,Income,Blablacar,Barcelona - Guardiola de Berguedà,9
2023-06-24,Income,Blablacar,Barcelona - Puigcerdà,9
2023-06-23,Expenses,Snacks,Llívia. Galetes Digestive. A compartir!,-4.38
2023-06-23,Expenses,Alcohol,12 Cerveses i 1 cocacola per mescla. A compartir!,-12.67
2023-06-21,Expenses,Gift,Convidar al Vlad a un cafè per convidar-me a pescar,-3.75
2023-06-21,Expenses,Snacks,Magdalenes,-2.95
2023-06-21,Expenses,Food,Esmorzar. Feina. Fleca. Croissant,-1.6
2023-06-20,Expenses,Gasolina,"Combo. 31,03 L",-40
2023-06-18,Expenses,Cotxe compartit,Barcelona - Talltendre - Barcelona. Marvin (50/5),-10
2023-06-18,Expenses,Peatge,"Túnel del Cadí tornada (13,48/5)",-2.5
2023-06-17,Expenses,Food,"Talltendre. 2 pa, formatge, llonganissa, salsa tomàquet",-7.15
2023-06-17,Expenses,Peatge,"Túnel del Cadí anada (13,48/5)",-2.5
2023-06-16,Expenses,Tennis,Padel. Pala de padel,-19.99
2023-06-16,Expenses,Bici,2 càmeres de bici,-6.58
2023-06-15,Expenses,Tennis,"Padel. Pista. Monforte, Jordi, Fernández",-7.15
2023-06-14,Expenses,Food,Dinar. Feina. Fleca. Pkat combinat i aigua petita,-8.95
2023-06-12,Expenses,Gasolina,"Combo. 15,67 L",-20
2023-06-05,Expenses,Food,Dinar. Feina. McDonalds. Menú CBO i McFlurry,-12.67
2023-06-05,Expenses,Tennis,"Padel. Pista. Staro, Manel, Monforte",-9.52
2023-06-04,Expenses,Food,"Sopar. Amics Ortiz. Aniversari Ortiz. Orfilia tapes 15€, canya i copa birra",-18.4
2023-06-02,Expenses,Food,"Sopar. Amics Bergantí. Frankfurt plaça nova. 2 birres, patates bomba, pulled pollo",-15
2023-05-30,Expenses,Food,Dinar. Feina. Fleca. Vegetal de pollastre amb aigua petita,-6.25
2023-05-29,Income,Gasolina compartida,"Llívia. Jordi Rull (13,40/2)",6.7
2023-05-29,Expenses,Food,Llívia. Esmorzar. El Cim. Napolitana i suc de taronja,-4.2
2023-05-29,Expenses,Gasolina,"Combo. 46,44 L",-58.47
2023-05-28,Expenses,Food,Llívia. Dinar. Entrepà truita patates,-4
2023-05-28,Expenses,Food,Llívia. Sopar. Papa pizza. pizza i birra,-16.5
2023-05-28,Expenses,Food,"Llívia. Dinar. El plat Rodó. Menú sopa ceba, ànec, pa, vi, aigua, postres",-22
2023-05-28,Expenses,Food,"Llívia. Esmorzar. Nordest. Mallorquí, suc taronja",-7
2023-05-27,Expenses,Food,"Llívia. Esmorzar. Bar. Croissant, torrada mermelada, suc de taronja",-5.9
2023-05-27,Expenses,Food,"Llívia. Sopar. Cal Cofa. Entrecot, vi, suflé, pastís formatge",-39.6
2023-05-26,Income,Gasolina compartida,"Llívia. Pere Rossell, Jordi Rull (12/3)",8
2023-05-26,Expenses,Food,Llívia. Sopar. La Cantina,-18.53
2023-05-26,Income,Blablacar,UAB - Llívia,10
2023-05-26,Expenses,Peatge,"Llívia. Túnel del Cadí (13,48/3)",-4.49
2023-05-23,Expenses,Food,Dinar. Feina. Fleca. Vegetal de pollastre i aigua petita,-6.25
2023-05-18,Expenses,Food,Dinar. Feina. Fleca. Entrepà mig de truita i cocacola,-5.7
2023-05-18,Expenses,Education,Títol Màster de professorat UNIR,-250
2023-05-16,Expenses,Food,Dinar. Feina. Fleca. Plat combinat pollastre arrebossat amb patates i cocacola,-9.9
2023-05-15,Expenses,Gasolina,"Combo. 33,57 L",-42.28
2023-05-14,Income,Gasolina compartida,Marc Barberà - Arròs de Cardós - Barberà,11.62
2023-05-14,Income,Gasolina compartida,Ari Masnou - Arròs de Cardós,7.05
2023-05-14,Income,Blablacar,La Pobla de Segur - St. Cugat,12
2023-05-14,Expenses,Food,Dinar. Trobada Socis. Rialp la Indiscreta. Marc Garcia,-14.95
2023-05-13,Income,Blablacar,Blablacar cancelat,8
2023-05-13,Expenses,Food,Sopar. Trobada socis. La boada de la Pubilla,-20
2023-05-13,Expenses,Food,"Esmorzar. Trobada socis. Donut i cacaolat. Ari, Marc",-3.3
2023-05-12,Expenses,Gasolina,"Combo. 11,93 L",-15.14
2023-05-10,Expenses,Tennis,Padel. Manel Monforte Staro. Vilanova,-7
2023-05-10,Expenses,Food,Dinar. Gabri. Kebab i Fanta,-6.5
2023-05-09,Expenses,Food,Feina. Fleca. Vegetal de pollastre i cocacola,-7.2
2023-05-08,Expenses,Gasolina,"Combo 15,99L",-21.41
2023-05-06,Expenses,Food,Fira gastronòmica. Roser i Matias. Pulled beef i cervesa,-9.9
2023-05-05,Expenses,Food,Dinar. Feina. Celebració Vicent. Tagliatela,-20
2023-05-02,Expenses,Food,Sopar. Amics. JL i Ortiz. Cala. Entrepà i birra,-9.2
2023-05-01,Expenses,Gasolina,"Combo. 18,34 L",-24.74
2023-05-01,Income,Gasolina compartida,"Montsant. 360 km 5,9L/100km",29.57
2023-04-30,Expenses,Food,Dinar. Cornudella de Montsant. Salsa Tomàquet eco,-2
2023-04-30,Expenses,Alcohol,"Crema d'avellanes (12,50/2)",-6.25
2023-04-29,Expenses,Food,Dinar. Amics. Barbacoa casa Lluís,-8.2
2023-04-29,Expenses,Alcohol,Còctel,-9.5
2023-04-28,Expenses,Food,Sopar. Amics. Roti. Indi,-16.3
2023-04-28,Expenses,Gasolina,"Combo. 11,05 L",-15.02
2023-04-26,Expenses,Snacks,Amics. Física. Mc Flurry,-3.66
2023-04-26,Expenses,Tennis,Padel. Parets del Valles,-6
2023-04-26,Expenses,Food,Feina. KCF. dos menús double cruch patates i llauna,-9.38
2023-04-25,Expenses,Gasolina,"Combo. 48,64 L",-66.1
2023-04-24,Expenses,Health,Projecte Lobster. Ulleres. Chance,-170
2023-04-24,Expenses,Tren,Ulleres. Projecte Lobster,-4.48
2023-04-22,Expenses,Food,"Sopar. Amics. Aniversari Pau. Renaixement. Torrada pernil gla, foie, brie i 1L sangria/3",-28.58
2023-04-18,Expenses,Perruqueria,Peluquería Ramón,-17.5
2023-04-16,Expenses,Food,"BikeTrip Solsona. Esmorzar. Llet, Galetes i Croissants (4,72/2)",-3.36
2023-04-16,Expenses,Tren,BikeTrip Solsona. Manresa-Pl.Espanya-Masnou,-10.79
2023-04-16,Expenses,Food,BikeTrip Solsona. Dinar. Súria. Entrepà pollastre i cocacola,-7.4
2023-04-16,Expenses,Snacks,BikeTrip Solsona. Fanta donuts xuxu 1.5L aigua,-2.33
2023-04-15,Expenses,Food,BikeTrip Solsona. Sopar. Restaurant Solsona. Canelons i birra,-13.3
2023-04-15,Expenses,Alcohol,BikeTrip Solsona. 3 birres.,-6.3
2023-04-15,Expenses,Food,BikeTrip Solsona. Dinar. Entrepà llom amb formatge,-5
2023-04-15,Expenses,Tren,BikeTrip Solsona. Masnou-Calaf,-8.4
2023-04-14,Expenses,Food,Sopar. Amics. McDonalds,-9.01
2023-04-11,Expenses,Projecte Boscos,Quota soci,-24
2023-04-11,Expenses,Furgo,"Rentat. Merloi. 2 sabó, 1 aigua",-3
2023-04-11,Expenses,Food,Dinar. Feina. Fleca. Vegetal de pollastre amb aigua,-6.25
2023-04-10,Expenses,Gift,Zen. Mona,-9
2023-04-09,Expenses,Food,"Estels del Sud. Esmorzar. Pastís, Madalenes i Canya de Xoco",-6.75
2023-04-09,Income,Gasolina compartida,"Estels del Sud (66,60+66,60+50 /9)",46.24
2023-04-09,Expenses,Prendre algo,Estels del Sud. Cocacola final,-1.9
2023-04-08,Expenses,Allotjament,Estels del Sud. Hostal Paülls,-30.6
2023-04-08,Expenses,Food,Estels del Sud. Cooperativa sopar,-16
2023-04-07,Expenses,Food,Estels del Sud. Dinar. Pa bimbo,-1.55
2023-04-07,Expenses,Allotjament,Estels del Sud. Refugi Caro mitja pensió,-48
2023-04-07,Expenses,Gasolina,"Combo. 38,41 L",-56.04
2023-04-06,Expenses,Food,Sopar. Amics JL. Plat combinat i 2 birres,-16.1
2023-04-04,Expenses,Material ruta,Corretga rellotge Suunto,-17.95
2023-04-03,Expenses,Food,Bessagoda. Dinar restaurant Figueres,-16.5
2023-04-01,Expenses,Material ruta,Sabó biodegradable,-1.15
2023-04-01,Expenses,Food,Bessagoda. Menjar comú,-21.27
2023-04-01,Expenses,Allotjament,Refugi Bessagoda,-10
2023-04-01,Expenses,Gasolina,"Combo. 47,42L",-67.29
2023-04-01,Income,Gasolina compartida,Bessagoda (34/5),27.2
2023-03-29,Expenses,Furgo,Carglass. Rentaparabrises,-27.95
2023-03-29,Expenses,Gasolina,"Combo 14,19 L",-20
2023-03-28,Expenses,Work,Webcam,-10
2023-03-28,Expenses,Material ruta,2 botelletes plàstic per mòdul,-3.5
2023-03-28,Expenses,Food,Dinar. Feina. Fleca. Plat combinat i cocacola,-9.9
2023-03-27,Expenses,Gasolina,Combo 7 L,-10
2023-03-26,Income,Gasolina compartida,Laura. Besalú,7.5
2023-03-25,Expenses,Prendre algo,Padel birra,-2
2023-03-25,Expenses,Tennis,Padel Olimpia,-6.6
2023-03-24,Expenses,Food,Menjar besalú,-16.57
2023-03-24,Expenses,Furgo,Revisió 2023. Canvis filtres i oli.,-207.09
2023-03-19,Income,Gasolina compartida,GrandValira,30.32
2023-03-18,Expenses,Gift,Oreo Vlad,-1.55
2023-03-18,Expenses,Food,"3 galetes digestive xoco (1,88×3), 3 galetes digestive taronja(1,60×3)",-10.44
2023-03-18,Expenses,Gasolina,"Combo. Repsol Andorra. 17,26 L",-23.75
2023-03-18,Expenses,Esquiar,GrandValira23. Forfait,-60
2023-03-18,Expenses,Food,GrandValira23. Esmorzar. Ensaimada,-1.2
2023-03-18,Expenses,Gasolina,"Combo 31,01 L",-43.38
2023-03-16,Expenses,Food,Dinar. Feina KFC. Menú hamburguesa pollastre,-9.6
2023-03-14,Expenses,Food,Dinar. Feina. Vegetal de pollastre i aigua,-6.25
2023-03-11,Expenses,Prendre algo,Laura. Bar música. Clara i crispetes,-6
2023-03-11,Expenses,Tren,Laura. Ballar Swing i bar de música,-6.72
2023-03-07,Expenses,Food,Dinar. Feina. Vegetal de pollastre i aigua,-6.25
2023-03-05,Expenses,Gasolina,"Combo 21,64 L",-32
2023-03-05,Expenses,Gasolina,"Combo 30,08 L",-44.49
2023-03-05,Income,Gasolina compartida,Siurana. AEM,38
2023-03-05,Expenses,Excursió,Assegurança temporal AEM,-6
2023-03-05,Expenses,Food,"Siurana. Esmorzar. Principe, Fontaneda Digestive, Pa",-5.03
2023-03-05,Expenses,Prendre algo,AEM. Siurana. Cocacola,-2
2023-03-04,Expenses,Furgo,Portabicis,-25
2023-03-01,Expenses,Food,Dinar. Feina. Llom amb formatge gran i aigua petita,-6.75
2023-02-28,Expenses,Food,Dinar. Feina. Vegetal de pollastre gran i aigua petita,-6.25
2023-02-24,Expenses,Food,Sopar. Amics. Despedida Maria,-21.9
2023-02-23,Expenses,Gift,Professors. Croissants per esmorzar aniversari,-19.6
2023-02-22,Expenses,Food,Dinar. Feina. Fleca. Entrepà truita gran i cocacola,-6.45
2023-02-21,Expenses,Food,Dinar. Feina. Fleca. Vegetal de Pollastre i aigua,-6.25
2023-02-21,Expenses,Furgo,Portaesquís,-55
2023-02-20,Expenses,Gasolina,"Combo. 35,99 L",-53.81
2023-02-20,Expenses,Food,"Esmorzar. Laura. Creixell. Mercadona. Croissants, Cereals, Llet, Suc taronja natural",-7.53
2023-02-20,Expenses,Food,Dinar. Laura. Xaloquell,-22.35
2023-02-20,Income,Gasolina compartida,Laura. Creixell,11.87
2023-02-19,Expenses,Snacks,"Laura. Patates, 2 clares i 1 xuxes per complementar dinar.",-4.45
2023-02-18,Expenses,Atraccions,Karting Cardedeu. Quali 10' i Carrera 10',-38
2023-02-18,Expenses,Furgo,6 Cartutxos gas,-13
2023-02-18,Expenses,Prendre algo,Amics. Joc de taula.  Crepe de nutela,-2.95
2023-02-18,Expenses,Food,Sopar. Amics. Cambray,-30
2023-02-17,Expenses,Prendre algo,Gelat. Laura.,-2.7
2023-02-12,Income,Gasolina compartida,Siscar.,35.72
2023-02-12,Expenses,Food,Siscar. Picnic esquiada,-8.64
2023-02-12,Expenses,Esquiar,Siscar. Font Romeu. Alpí. Forfait + lloguer,-73
2023-02-12,Expenses,Food,Siscar. Esmorzar,-6.5
2023-02-11,Expenses,Food,"Ospital raquetes neu. Dinar i Esmorzar bonpreu. pernil, formatge, galetes",-8.71
2023-02-11,Expenses,Food,Siscar. Sopar. Pizzes Llívia papa pizza,-14
2023-02-11,Expenses,Food,Siscar. Esmorzar. Cacaolat i entrepà,-7
2023-02-10,Expenses,Gift,Mama. Raclette,-3.8
2023-02-09,Expenses,Tennis,Padel. Amics. (33/5),-6.6
2023-02-07,Expenses,Food,Dinar. Feina. Fleca. Entrepà truita i aquàrius,-6.9
2023-02-04,Expenses,Gasolina,"Combo 40,52 L",-60.74
2023-02-04,Expenses,Allotjament,"Airbnb. Laura. Esquiada Guils 23. Mollo la Cabaña (48,70/2)",-24.35
2023-02-03,Expenses,Food,"Dinar. Laura. Esquiada Guils 23. Entrepà formatge fuet, galetes, xoco, xuxes (17,60/2)",-8.8
2023-02-03,Expenses,Home,Comandament porta verda Teià,-43.5
2023-02-01,Expenses,Food,"Laura. Sopar. 10 Nuggets, amanida, fanta llimona i infusió (15,7-8)",-7.7
2023-02-01,Expenses,Teatre i Cinema,Laura. Teatre,-25.45
2023-02-01,Expenses,Food,Laura. Berenar. Entrepà baicon amb formatge i canya + bikini i tònica (12.8/1),-12.8
2023-02-01,Expenses,Tren,Laura. Metro. Anar i tornar teatre,-2.24
2023-01-31,Expenses,Salou,"Inversió Salou (332,80/3)",-110.93
2023-01-31,Expenses,Food,Dinar. Feina. Vegetal pollastre i cocacola,-7.05
2023-01-28,Income,Gasolina compartida,Campdevànol 23.,30
2023-01-28,Expenses,Esquiar,Campdevànol 23. La molina telehuevo,-8
2023-01-28,Expenses,Esquiar,Campdevànol 23. La Masella. Forfait,-53.38
2023-01-28,Expenses,Gasolina,"Combo. 45,01 L",-71.52
2023-01-27,Expenses,Food,Campdevànol 23. Sopar. Bar Vila. Entrepà i vi,-8
2023-01-23,Expenses,Gasolina,"Combo 48,00 L",-76.75
2023-01-23,Expenses,Furgo,Assegurança,-429.81
2023-01-21,Income,Gasolina compartida,Montserrat. Pere,4.69
2023-01-21,Income,Gasolina compartida,Montserrat. Oriol,4.69
2023-01-21,Income,Gasolina compartida,Montserrat. Laura,4.7
2023-01-21,Expenses,Food,"Montserrat. Dinar. Entrepà excursió. Mercadona: Llonganissa (4,57), Havarti (2,98), Pa (0,63), Plàtan (0,18)",-8.36
2023-01-21,Expenses,Snacks,"Montserrat. Pastís de xoco (3,50), 9 fantes de llimona (6,03), galetes digestive (1,05)",-10.58
2023-01-21,Expenses,Food,Montserrat. Esmorzar. Xuxu crema a Monistrol de Montserrat,-2.8
2023-01-20,Expenses,Furgo,Xaleco reflectant,-3
2023-01-18,Expenses,Food,Dinar. Feina. Vegetal pollastre gran i cocacola,-7.05
2023-01-14,Expenses,Food,Laura. Esmorzar. Rellinars. 2 entrepans i 2 begudes,-10.3
2023-01-11,Expenses,Food,Dinar. Feina. Vegetal pollastre gran i cocacola,-7.05
2023-01-10,Expenses,Gasolina,"Pixo. 13,62 L",-20
2023-01-10,Expenses,Food,Dinar feina. Menú truita i cocacola,-8.9
2023-01-08,Expenses,Gasolina,"Combo. 31,47 L",-50
2023-01-07,Expenses,Food,Sopar. Aniversari Garriga,-10
2023-01-07,Expenses,Tennis,Padel. Aniversari Garriga,-6
2023-01-07,Expenses,Alcohol,Gintònic. Aniversari Garriga,-6
2023-01-05,Expenses,Gift,Papa. Agenda 2023,-17.95
2023-01-05,Expenses,Gift,Zen. Xumet conill verd,-6.99
2023-01-05,Expenses,Prendre algo,"Prendre algo Laura (14,78-7)",-7.78
2023-01-05,Expenses,Tren,Compres Barna amb Laura,-2.24
2023-01-05,Expenses,Furgo,"Clau anglesa 8-9, Destornillador creu 6×100mm, Allen 5×150mm, cable usb C dades",-9.9
2023-01-04,Income,Blablacar,Martorell - Salou x1,6
2023-01-04,Income,Blablacar,Salou - Aeroport Barcelona x2,12
2023-01-04,Expenses,Food,Dinar. Burger King Salou pintar,-7.66
2023-01-04,Expenses,Food,Esmorzar. Salou pintar,-3.25
2023-01-03,Expenses,Furgo,Opel Combo Life,-22055
2023-01-03,Expenses,Tren,Bus. Buscar furgo. Figueres-Roses,-4.5
2023-01-03,Expenses,Tren,Buscar Furgo. Tusual 2 zones 22.40€/10 viatges,-2.24
2023-01-03,Expenses,Cotxe compartit,Blablacar. Buscar furgo. Espanya-figueres,-9
2022-12-31,Expenses,Cotxe compartit,Cap d'any 23. Cotxe Roger 535 km,-19.59
2022-12-31,Expenses,Alcohol,"Cap d'any 23. Vi negre (7,50/2)",-3.75
2022-12-31,Expenses,Allotjament,Cap d'any 23. Alberg Xanascat La Molina,-79.63
2022-12-31,Expenses,Alcohol,Cap d'any 23. Tònica 2L,-3.84
2022-12-30,Expenses,Atraccions,Cap d'any 23. Termes Dorres,-5.5
2022-12-30,Expenses,Food,Llívia. Esmorzar i dinar super,-10.67
2022-12-29,Expenses,Food,Llívia. Esmorzar croissant,-1.87
2022-12-26,Income,Bizum,Roser gasolina,11
2022-12-26,Income,Blablacar,Bellver - Terrassa,11
2022-12-25,Expenses,Gift,Mireia. Massaje embarazadas,-39
2022-12-21,Expenses,Food,Esmorzar. Feina. 12 croissants a compartir,-3.2
2022-12-20,Expenses,Food,Dinar. Padel. Grec. Entrepà gran butifarra amb cocacola,-6.45
2022-12-20,Expenses,Tennis,Pàdel Torre de Malla,-7
2022-12-19,Expenses,Gasolina,"Subaru 45,93 L",-75
2022-12-18,Expenses,Food,Dinar Nadal Batlló. Restaurant Ripoll,-31.5
2022-12-17,Expenses,Gift,Roser. Ràfting Llavorsí per dos,-69.9
2022-12-13,Expenses,Food,Dinar. Feina. Fleca. Entrepà pollastre gran i aigua.,-5.5
2022-12-12,Expenses,Food,Dinar. Feina. KFC. Menú oferta petit,-6.49
2022-12-11,Expenses,Food,Dinar. Sol. Durum i cocacola,-6.3
2022-12-11,Expenses,Tren,UNIR. Examen. Transbords i tornada. 2 viatjes T-Casual 1 zona,-2.27
2022-12-11,Expenses,Tren,UNIR. Examen. Tren anada. Billet senzill Masnou-Pl.Cat,-2.8
2022-12-08,Expenses,Gasolina,"Combo. 32,47 L",-45.43
2022-12-08,Expenses,Gasolina,"Subaru. 42,89L",-60
2022-12-07,Expenses,Gift,Roser. Copa Gin Mr.Wonderful,-11.95
2022-12-07,Expenses,Gift,Mama. Calendari Mr.Wonderful,-6.95
2022-12-07,Expenses,Gift,Mama. Ronyonera Mr.Wonderful,-19.95
2022-12-07,Expenses,Gift,Mama. Sabates muntanya dechatlon,-13.99
2022-12-07,Expenses,Food,Dinar. Meli. Otapa,-12.45
2022-12-05,Expenses,Furgo,Lloger opel combo Minicamper 3 dies,-285
2022-12-05,Expenses,Food,Dinar. Feina. KFC. Menú oferta petit,-6.49
2022-11-29,Expenses,Food,"Dinar. Feina. Grec. Llom formatge gran, cocacola",-7.45
2022-11-26,Expenses,Alcohol,Jl colla. Lyo. Mojito,-8
2022-11-25,Expenses,Food,Sopar. Jl colla. Sushi port,-22.75
2022-11-25,Expenses,Pàrquing,Port,-5.19
2022-11-22,Expenses,Food,Dinar. Feina. Grec. Plat combinat beicon,-9.9
2022-11-20,Expenses,Cotxe compartit,Excursió. Vòrtex. St. Aniol de les finestres (40/7),-5.71
2022-11-20,Expenses,Food,Dinar. Vortex. Konig Girona. Hamburguesa pollastre i fanta,-6.45
2022-11-19,Expenses,Pàrquing,Sopar. Bergantí. Port,-6.35
2022-11-19,Expenses,Food,"Sopar. Bergantí. Miquel, Aleix, Gery, Max, Aina",-25.85
2022-11-16,Expenses,Food,Dinar. Feina. Fleca Grec. Truita francesa,-6.25
2022-11-15,Expenses,Food,Dinar. Feina. Fleca Grec. Hamburguesa,-5.45
2022-11-13,Expenses,Food,Sopar. Amics. Renaixament,-14.45
2022-11-11,Expenses,Gasolina,"Subaru 35,95 L",-60
2022-11-08,Expenses,Food,dinar. feina. entrepà gran tonyina coca-cola,-6.9
2022-11-05,Expenses,Work,Additio Subscripció anual novembre,-10.33
2022-11-02,Expenses,Food,"Dinar. Feina. Vegetal pollastre, aigua 1,5L",-6.6
2022-11-01,Expenses,Cotxe compartit,Pedraforca. Pere,-7.5
2022-11-01,Expenses,Prendre algo,Pedraforca 22. Cocacola,-1.8
2022-10-31,Expenses,Food,Sopar. JL colla. Xino.,-14.75
2022-10-31,Expenses,Alcohol,Gintonic. JL colla. Vins i Divins,-8.5
2022-10-28,Expenses,Gasolina,"Subaru. 43,40 L",-75
2022-10-25,Expenses,Gasolina,"Subaru. 29,61 L",-50
2022-10-25,Expenses,Food,Dinar. Feina. Entrepà truita patates i aquarius,-6.9
2022-10-22,Expenses,Atraccions,Karting Cardedeu,-55
2022-10-21,Expenses,Alcohol,Birra. Amics. Gabri  Champanillo,-2.5
2022-10-17,Expenses,Food,kebab premià domicili 3 durums,-16.5
2022-10-16,Expenses,Cotxe compartit,Projecte Boscos. Xavi. Anada i tornada,-20
2022-10-13,Expenses,Gasolina,"Pixo feina. 14,20 L",-20
2022-10-12,Expenses,Tennis,8 pilotes tennis (12/2),-6
2022-10-11,Expenses,Food,Dinar. Feina. Plat combinat i beguda,-9.9
2022-10-09,Expenses,Food,Berenar. Bici. Amics. JL. Entrepà llom amb formatge,-4.9
2022-10-01,Expenses,Gasolina,"Pixo. Esclat Mataró 22,75 Litres",-30
2022-10-01,Expenses,Food,"Dinar. Ana. El Pont, menú trinxat, buti i xai, gelat, pa, vi, aigua",-19
2022-09-30,Expenses,Salou,"Inversió Salou (130,44/3)",-43.48
2022-09-30,Expenses,Gift,Luís Muheim. Carta i fuet,-31.95
2022-09-30,Expenses,Gasolina,Subaru. Feina.,-75
2022-09-27,Expenses,Food,Dinar. Feina. Amics. Manu. Otapa,-14
2022-09-24,Expenses,Food,"Sopar. Amics. McDonalds 3 burgers 1,20€",-3.6
2022-09-20,Expenses,Food,Dinar. Feina. KFC,-7.69
2022-09-19,Expenses,Food,Esmorzar. Feina. La Pergola. Entrepà formatge i cocacola.,-6.1
2022-09-18,Expenses,Food,Dinar. Batlló,-38.5
2022-09-18,Expenses,Gasolina,"Susuki. 37,20 L",-47.95
2022-09-17,Expenses,Snacks,KitKat. Ana,-1.87
2022-09-17,Expenses,Food,Dinar. Ana. Maquinista. Kruz and Gud,-8.15
2022-09-17,Expenses,Material ruta,Decathlon.  Tassa acer inox 400ml,-3.99
2022-09-17,Expenses,Food,Sopar. Retrobada Bergantí,-20
2022-09-16,Expenses,Food,Sopar. Ana. Mataró,-15.43
2022-09-16,Expenses,Prendre algo,Ana. Birra artesana pub,-2.9
2022-09-14,Expenses,Gasolina,"Feina. Pixo. 22,75L 30€ 1,319€/L",-30
2022-09-13,Expenses,Food,Dinar. Feina. Reunió de departament,-9.9
2022-09-11,Expenses,Food,"Salou. Germanes. Dinar. BurgerKing. ChickenCrisp menú, FusionKing Toblerone",-10.14
2022-09-11,Expenses,Food,"Salou. Germanes. Esmorzar Michelangelo. Suc taronja, canya xoco",-5.7
2022-09-11,Expenses,Prendre algo,Laura. 2 fantes llimona (3×2),-6
2022-09-10,Expenses,Food,Salou. Germanes. Dinar mercadona,-7
2022-09-10,Expenses,Food,Salou. Germanes. Sopar restaurant El recreo,-15.33
2022-09-03,Expenses,Food,"Amics. Barça. Sopar. Frankfurt Parera. Frankfurt doble, Copa, braves/3",-7.7
2022-09-03,Expenses,Snacks,"Roser. Dinar Badalona. 6birres i patates. (7,01-4,41mama)",-2.6
2022-09-02,Expenses,Food,Posets-Perdiguero22. Dinar BonArea Jorba (14/2),-7
2022-08-30,Income,Blablacar,"Posets-Perdiguero22. Barcelona-Eriste (19/2), Lleida-Barbastro (4/2)",11.5
2022-08-30,Expenses,Cotxe compartit,Posets-Perdiguero22. Gasolina cotxe Pere Opel Meriva 624 km (60/2).,-30
2022-08-30,Expenses,Food,"Posets-Perdiguero22. Pere. 400g Pa a Repsol (2,40/2)",-1.2
2022-08-30,Expenses,Food,"Posets-Perdiguero22. Pere. Menjar Lidl (24,82/2)",-12.41
2022-08-27,Income,Blablacar,Espinavell22. Espinavell - Sant Andreu Arenal. Laura,10
2022-08-27,Expenses,Food,Espinavell22. Can Jordi. Dinar dissabte,-18
2022-08-27,Expenses,Projecte Boscos,5 birres,-5
2022-08-27,Expenses,Gasolina,Susuki. 54 L,-79.87
2022-08-26,Expenses,Material ruta,Motxilles. Teide. Arreclar Motxilla gran blava 50L i Mitjana taronja 20L,-19
2022-08-22,Expenses,Atraccions,Bowling. Ana Baez,-10
2022-08-20,Expenses,Gift,Festes de Gràcia. Roser. Crêpe xoco blanca,-3.7
2022-08-20,Expenses,Gift,Festes de Gràcia. Mimi. Crêpe nutella,-3.9
2022-08-20,Expenses,Tren,Festes de Gràcia. Transport. Tren 2 zones,-2.24
2022-08-20,Expenses,Snacks,Festes de Gràcia. Germanes. Gofre xoco blanca,-3.7
2022-08-19,Expenses,Jocs cartes / taula,Wizard,-6.33
2022-08-18,Expenses,Food,"Suïssa22. Xocolata Migros (0,50chf/2)",-0.29
2022-08-18,Expenses,Transportation,"Suïssa22. Berna - Geneve (114,29/2)",-57.15
2022-08-17,Expenses,Pàrquing,Suïssa22. Luggage maletes Berna (15chf/2),-8.73
2022-08-17,Expenses,Transportation,"Suïssa22. Berna - Bachmatelli 1 km (9,20chf/2)",-5.15
2022-08-17,Expenses,Food,"Suïssa22. Menjar 2 dies Berna (38,97/2)",-19.49
2022-08-17,Expenses,Gift,Suïssa22. Souvenirs 4 toblerones,-9.02
2022-08-17,Expenses,Transportation,"Suïssa22. Bus Escholzmatt - Bern (49,77/2)",-24.88
2022-08-17,Expenses,Transportation,Suïssa22. Bus Gerberskleinefarm - Escholtzmatt,-5.2
2022-08-17,Expenses,Allotjament,Suïssa22. Camping nit a Gerberskleinefarm (10chf/2),-5.82
2022-08-15,Expenses,Food,"Suïssa22. Pa i 2 ous Habkern (5,80chf/2)",-3.38
2022-08-15,Expenses,Food,"Suïssa22. Menjar 2 dies habkern (20,25/2)",-10.13
2022-08-15,Expenses,Transportation,"Suïssa22. Kandersteg - Habkern (64,36/2)",-32.19
2022-08-14,Expenses,Food,"Suïssa22. Pa a martigny (2,40chf/2)",-1.4
2022-08-13,Expenses,Transportation,"Suïssa22. Champéry - Martigny (50,80chf/2)",-29.58
2022-08-13,Expenses,Food,"Suïssa22. Menjar Aigle per 3 dies (20,95chf/2)",-12.2
2022-08-12,Expenses,Projecte Boscos,Suïssa22. Samarreta Bergwald Verda 32chf,-37.27
2022-08-07,Expenses,Prendre algo,"Suïssa22. Magnum per agafar wifi 3,30chf",-3.84
2022-08-07,Expenses,Food,"Suïssa22. Menjar pa i xocolata (5,40chf/2)",-3.15
2022-08-07,Expenses,Allotjament,Suïssa22. Refugi Bonave (20chf/2),-11.65
2022-08-06,Expenses,Allotjament,Suïssa22. Camping Van den Haut (16chf/2),-9.32
2022-08-05,Expenses,Food,"Suïssa22. Formatge francès (2,13/2)",-1.06
2022-08-05,Expenses,Material ruta,"Suïssa22. Encenedors (3,80/2)",-1.9
2022-08-05,Expenses,Material ruta,"Suïssa22. Campingaz 470 (10,95/2)",-5.48
2022-08-05,Expenses,Banc,"Suïssa22. Comissió banc retirada francs (6,6/2)",-3.3
2022-08-05,Expenses,Vols,Suïssa22. Ginebra anada i tornada. Facturació maleta 15kg,-103.96
2022-08-04,Expenses,Food,Suïssa22. Menjar 5 a 8 Catalunya,-19.57
2022-08-04,Expenses,Transportation,Suïssa22. Bus Ginebra - Chamonix,-19.42
2022-08-04,Expenses,Material ruta,Pot plàstic 100ml,-0.85
2022-08-04,Expenses,Home,Carregador mobil,-3.95
2022-08-03,Expenses,Prendre algo,Amics. Gabri. Cervesa Budwaiser Paki,-0.85
2022-08-03,Expenses,Food,Dinar. Durum + cocacola. Amics. Gabri.,-6.85
2022-08-01,Expenses,Material ruta,Cintes per lligar. Dues de 3m,-9.99
2022-08-01,Expenses,Material ruta,"Camelbak 2,5L",-34.99
2022-08-01,Expenses,Material ruta,Campingaz 470,-8.99
2022-07-31,Expenses,Food,Dinar. Projecte boscos. Gallfer,-12.8
2022-07-31,Expenses,Cotxe compartit,Projecte Boscos. Maria. Anada tornada,-30
2022-07-31,Expenses,Projecte Boscos,2 birres,-2
2022-07-26,Expenses,Projecte Boscos,Donació puntual,-300
2022-07-24,Expenses,Prendre algo,"Projecte Boscos. Birres. Ripo, Oriol, Edu",-6
2022-07-22,Expenses,Food,Projecte Boscos Prèvia. Menjar ruta,-22.84
2022-07-21,Expenses,Cotxe compartit,Llívia. Gasolina susuki grandvitara. Anar i tornar a Llívia (70/2),-35
2022-07-21,Expenses,Cotxe compartit,"Llívia. Gasolina JoanJo 141,5 km per Llívia (23,63/4)",-5.91
2022-07-20,Expenses,Atraccions,Llívia. Futbolín (2/4),-0.5
2022-07-20,Expenses,Atraccions,Llívia. Billar (3/4),-0.75
2022-07-20,Expenses,Alcohol,Llívia. Roncola. La confiança.,-6
2022-07-20,Expenses,Transportation,Llívia. Bus. Carlit,-4
2022-07-19,Expenses,Alcohol,Llívia. Orujo (7/4),-1.75
2022-07-19,Expenses,Food,"Llívia. Rissoto casolà (6,33/4)",-1.58
2022-07-19,Expenses,Pàrquing,Llívia. Matemala (2/4),-0.5
2022-07-18,Expenses,Food,"Llívia. Menjar (73,76/4)",-18.44
2022-07-17,Expenses,Food,Amics. Dinar xiri Judit i Míriam,-19.77
2022-07-17,Expenses,Snacks,UNIR. Galetes xoco entre exàmens,-1
2022-07-17,Expenses,Tren,"UNIR. Transport exàmens. 3 viatges 2zones, 3 viatges 1zona",-10.13
2022-07-14,Expenses,Casament,Ferry. Pantaló traje,-73.9
2022-07-02,Expenses,Food,Foodtrucks. Sopar hamburguesa,-8
2022-07-01,Expenses,Health,Acetilsisteina,-7.58
2022-06-30,Expenses,Salou,"Inversió Salou (626,88/3)",-208.96
2022-06-29,Expenses,Tren,Dentista. Transport. Tren 2 zones anda i tornada,-4.48
2022-06-28,Expenses,Material ruta,Botes Notton Trekking 790,-96.95
2022-06-26,Expenses,Cotxe compartit,Salou. Susuki Grand Vitara,-23.74
2022-06-26,Expenses,Cotxe compartit,Salou. Cotxe Pau,-7.2
2022-06-26,Expenses,Food,"Salou. Dinar. Entrepà (5,07/2)",-2.54
2022-06-26,Expenses,Alcohol,Salou. Disco Tropical entrada,-20
2022-06-26,Expenses,Alcohol,Salou. Sala Garaje. Whisky Cola,-6
2022-06-25,Expenses,pizza,Salou. Sopar. Pizzes Steakhouse,-9.56
2022-06-25,Expenses,Food,"Salou. Esmorzar i mescla (15,10/6)",-2.52
2022-06-24,Expenses,Atraccions,"Bowling. 2 partides de 10 tirades. (56,40/6)",-9.4
2022-06-24,Expenses,Food,"Salou. Menjar (11,92/2)",-5.96
2022-06-24,Expenses,Cotxe compartit,Salou. Siurana. Cotxe Oriol (11/2),-5.5
2022-06-24,Expenses,Snacks,"Salou. Napolitanas (1,84€/2)",-0.92
2022-06-24,Expenses,Atraccions,Billar (2/2),-1
2022-06-24,Expenses,Pàrquing,Siurana (3/2),-1.5
2022-06-23,Expenses,Food,"Salou. Menjar (7,02/6)",-1.17
2022-06-23,Expenses,Food,"Salou. Menjar (50,79/6)",-8.46
2022-06-23,Expenses,Car,Rentat cotxe susuki,-2
2022-06-19,Income,Blablacar,Salou. Salou-Casa,7
2022-06-19,Expenses,Prendre algo,Xiringuito. Família Batlló dinar,-27.78
2022-06-19,Expenses,Gasolina,"Susuki. 32,81 L",-60
2022-06-17,Expenses,Pàrquing,Salou. Zona blava,-2
2022-06-17,Expenses,Food,Salou. Menjar,-25.01
2022-06-17,Expenses,Alcohol,Salou. Cervesa Estrella Dam 24 unitats,-16.59
2022-06-12,Expenses,Snacks,"Cocacola, pantera rosa i caña",-4.09
2022-06-12,Expenses,Atraccions,Rafting. Entrada + butifarrada,-34.95
2022-06-12,Expenses,Cotxe compartit,Rafting. Susuki Vitara + Pau + Maria,-28.14
2022-06-12,Expenses,Atraccions,Rafting. Fotos,-3.64
2022-06-11,Expenses,Casament,Alfred-Mònica. Regal,-70
2022-06-11,Expenses,Gasolina,"Susuki. 27,95 L",-50
2022-06-10,Expenses,Perruqueria,Perruqueria Ramón,-17.5
2022-06-06,Expenses,Cotxe compartit,Costa Brava. Cotxe Toni,-4
2022-06-06,Expenses,Food,"Costa Brava. Braves, Paella, Fanta, Gelat",-26.98
2022-06-06,Expenses,Snacks,Costa brava. Napolitana xocolata gasolinera,-2.3
2022-06-06,Expenses,Food,Costa Brava. Principes 350g (22cent/galeta) gasolinera,-3.35
2022-06-04,Expenses,Alcohol,Amics. Negrita i Jagger,-9.59
2022-06-04,Expenses,pizza,Amics. Pizzes previa festa,-11.25
2022-06-03,Expenses,Alcohol,Primavera Sound. Entrada,-100
2022-06-03,Expenses,Alcohol,Primavera Sound. 3 Cocacoles per mescla entre 2 pers,-4.5
2022-06-03,Expenses,Food,Primavera Sound. Sopar. Pasta de espinacs i riccota amb pesto,-8
2022-05-31,Expenses,Prendre algo,Amics. Agora. Estrella Galícia,-1.9
2022-05-27,Expenses,Food,Dinar. Poliesportiu,-9.5
2022-05-22,Expenses,Alcohol,Portaventura. Roncola,-6.5
2022-05-22,Expenses,Cotxe compartit,Portaventura. Audi Pau,-8
2022-05-22,Expenses,Prendre algo,Portaventura. Boost,-1.13
2022-05-21,Expenses,Food,Portaventura. Menjar,-3.88
2022-05-21,Expenses,Atraccions,Portaventura. Entrada i parking,-69.43
2022-05-21,Expenses,Food,Portaventura. Aigua,-1.58
2022-05-21,Expenses,Food,Portaventura. Sopar hamburgesa i estrella,-14.62
2022-05-14,Expenses,pizza,Amics. Sopar. Aniversari Ortiz,-12.86
2022-05-13,Expenses,Snacks,"Bergantí. Sant Ponç. Brownie (2€) i Pizza (0,50€)",-2.5
2022-04-23,Expenses,Gift,Mireia. Sant Jordi Rosa,-2.5
2022-04-23,Expenses,Gift,Roser. Sant Jordi Rosa,-2.5
2022-04-22,Expenses,Food,Amics. Manel. Dinar. Pizzes casolanes,-12.36
2022-04-19,Expenses,Cotxe compartit,Montsant. Gasolina Alejandro,-17
2022-04-18,Expenses,Tren,Montsant. tcasual 2 zones 2 viatges,-4.49
2022-04-15,Expenses,Prendre algo,Montsant. Braves i cola,-4.75
2022-04-15,Expenses,Alcohol,Montsant. Ratafia i aigua,-4
2022-04-14,Expenses,Food,"Montsant. Menjar per 3 i 4 dies (59,19€)",-19.19
2022-04-13,Expenses,Perruqueria,Perruqueria Ramón,-17
2022-04-11,Expenses,Material ruta,"Matagalls PAJLORM. Bombona gas (8,99€)",-1.5
2022-04-11,Expenses,Alcohol,"Matagalls PAJLORM. Ratafia (10,89€)",-1.83
2022-04-11,Expenses,Cotxe compartit,"Matagalls PAJLORM. Gasolina Audi Pau (16€) i Grand Vitara (29,45€)",-7.58
2022-04-11,Expenses,Alcohol,Matagalls PAJLORM. Aigues i birres,-2.5
2022-04-11,Expenses,Food,Matagalls PAJLORM. Menjar ruta 2 dies,-11.39
2022-04-11,Expenses,Llibreria,"Matagalls PAJLORM. Mapes impressió 3u (3,80€)",-0.63
2022-04-11,Expenses,Snacks,Matagalls PAJLORM. Barretes energètiques 12u (17€),-2.83
2022-04-11,Expenses,Gasolina,"Susuki. 60€-29,45€ compartits",-30.55
2022-04-03,Expenses,Paintball,Radical Paintball. 200 boles,-18
2022-03-31,Expenses,Salou,"Inversió Salou (104,00/3)",-34.67
2022-03-30,Expenses,Car,Acessoris. 2 carregadors cotxe. Aguanta mòbil,-11.45
2022-03-28,Expenses,Gasolina,Susuki. 23 L,-40
2022-03-27,Expenses,Gasolina,Pixo. Esclat Mataró,-35
2022-03-26,Expenses,Gift,"Mama. Regal entrades teatre. (114,50/3)",-38.17
2022-03-23,Expenses,Food,Dinar. Feina. Xino mataró. Menú,-9.45
2022-03-21,Expenses,Food,Dinar. Feina. Bar Velòdrom. Entrepà gran pollastre amb formatge i aquarius,-6
2022-03-18,Expenses,Snacks,"Amics. Pere, Manel, Staro, Monforte, Ramos. Patates xips Ruffles pernil, Doritos.",-4.24
2022-03-18,Expenses,Prendre algo,Amics. Pere. 4 sidres,-3.14
2022-03-18,Expenses,Prendre algo,Amics. Matias. Àgora. 2 tes,-3.4
2022-03-14,Expenses,Gasolina,Pixo. Esclat Mataró,-35
2022-03-12,Expenses,Food,Amics. Triple A. Dinar guacamole i crepes casolanes,-10.25
2022-03-12,Expenses,Food,Família. Roser. La convido a dinar,-10.25
2022-03-09,Expenses,Food,Dinar. Feina. Xino Mataró. Menú + propina,-10
2022-03-07,Expenses,pizza,Amics. Triple A. 2 mitjanes capri,-7.9
2022-03-06,Expenses,pizza,Amics. Alex. Dinar. Carpi dos mitjanes a recollir,-8.25
2022-03-02,Expenses,Food,Dinar. Feina. KdK. Hamburguesa peripé i aquarius,-7
2022-02-28,Expenses,Salou,"Inversió Salou (26,50/3)",-8.83
2022-02-27,Expenses,Food,"Solsona. Esmorzar. Príncipes, croissants, llet",-3.75
2022-02-26,Expenses,Cotxe compartit,Solsona. Anada i tornada cotxe Maria,-5
2022-02-26,Expenses,Alcohol,Solsona. Alcohol comú,-8.76
2022-02-25,Expenses,Alcohol,Solsona. 43 700ml amb lima 1L.,-18.6
2022-02-25,Expenses,Food,Solsona. Sopar hamburgesa,-6
2022-02-24,Expenses,Gasolina,Pixo. Esclat Mataró,-40
2022-02-21,Expenses,Food,Dinar. Feina. Mc Donalds. Menú mitjà + hamburguesa,-8.5
2022-02-17,Expenses,Vols,Malta. Vols anada i tornada,-47.48
2022-02-15,Expenses,Gasolina,Pixo. Esclat Mataró,-30
2022-01-31,Expenses,Salou,"Inversió Salou (289,47/3)",-96.49
2022-01-23,Expenses,Tren,Amics. Bet Compte. Barcelona jocs de cartes,-4.57
2022-01-18,Expenses,Health,3 tests antígens,-8.82
2022-01-05,Expenses,Food,Meli. Compra Menjar,-25.58
2022-01-05,Expenses,Snacks,Meli. Esmorzar,-17.78
2022-01-04,Expenses,Food,Alpí. Campdevànol. Croissant,-1.75
2022-01-04,Expenses,Esquiar,Alpí. Forfait Vallter2000,-28.4
2022-01-03,Expenses,Food,Alpí. Sopar (pizzes) i dinar (entrepà truita),-8.66
2022-01-03,Expenses,Food,Fons. Dinar. Llom amb formatge i infusió,-9.79
2022-01-03,Expenses,Esquiar,Fons. Forfait (13€) lloguer botes (6€),-14.5
2022-01-03,Expenses,Food,Fons. Campdevànol. Croissant,-1.75
2022-01-02,Expenses,Food,Amics. JL. Cumple. Dinar Xino,-13.5
2022-01-02,Expenses,Entertainment,Foc Nou. Sorteig,-4
2022-01-01,Expenses,Food,Cap d'any. Esmorzar. Entrepà,-2.75
2021-12-31,Expenses,Salou,"Inversió Salou (98,65/3)",-32.88
2021-12-31,Expenses,Cotxe compartit,Cap d'any. Transport a Salou. Cotxe Roger,-13.96
2021-12-31,Expenses,Alcohol,Cap d'any. Ron,-3.25
2021-12-31,Expenses,Snacks,Cap d'any. 2 crepes,-2.4
2021-12-30,Expenses,Jocs cartes / taula,Fundes per cartes 100 unitats,-1.87
2021-12-30,Expenses,Bici,"Desviador delantero shimano Tourney (-9,45 + 9,00)",-0.45
2021-12-30,Expenses,Alcohol,Cap d'any. Cervesa,-1.2
2021-12-30,Expenses,Food,Cap d'any. Burger king,-5
2021-12-30,Expenses,Food,Cap d'any. Menjar,-24.04
2021-12-29,Expenses,Alcohol,JL. Cervesa. La cala. Estrella Galícia,-2.2
2021-12-28,Expenses,Esquiar,Alpí. 200km La Masella. Audi Pau,-6
2021-12-28,Expenses,Food,Alpí. Dinar,-8.4
2021-12-28,Expenses,Esquiar,Alpí. Forfait. La Masella,-41.4
2021-12-28,Expenses,Peatge,Alpí. Tunel cadí (12€) A7 (8€),-7.98
2021-12-27,Expenses,Gift,Meli. Agenda La Incorrecta,-19.5
2021-12-26,Expenses,Snacks,Fons. Les lloses. Xocolata calenta.,-2.5
2021-12-26,Expenses,Esquiar,Fons. Lloguer botes. Les lloses,-6
2021-12-26,Expenses,Esquiar,Fons. Forfait. Les lloses.,-9
2021-12-26,Expenses,Esquiar,Fons. Gasolina. Subaru (40€),-10.83
2021-12-23,Expenses,Alcohol,JL. Cervesa. Festa tornada Teekay,-5
2021-12-22,Expenses,Gift,Nadal. Papa i Mama. Caixa regal El País.,-40
2021-12-22,Expenses,Gift,Nadal. Mimi. Espetec,-2.05
2021-12-22,Expenses,Gift,Nadal. Roser. Xuxes ladrillo i pals,-2.5
2021-12-22,Expenses,Gift,Nadal. Papa. 2 pots olives i regalècia,-4.63
2021-12-22,Expenses,Educació,UNIR. Enviament documentació,-0.8
2021-12-22,Expenses,Food,JL. Xino Sopar.,-9.95
2021-12-21,Expenses,Educació,UNIR. Copies compulsades Títol grau i First,-14.52
2021-12-19,Expenses,Gift,Roser. Birres 08,-15
2021-12-19,Expenses,Food,Nadal. Dinar Batlló,-25
2021-12-19,Expenses,Alcohol,Ron brugal,-16.3
2021-12-18,Expenses,Gift,Nadal. Roser. Tassa cèrvol,-5
2021-12-18,Expenses,Alcohol,Birres. 6 sopar casa pau,-4.5
2021-12-17,Expenses,Gift,Nadal. Roser. Clauer,-2.25
2021-12-17,Expenses,Gift,Nadal. Papa. Agenda,-9.85
2021-12-09,Expenses,Gasolina,Pixo 10,-10
2021-12-09,Expenses,Gift,Nadal. Mimi. 2 Cadenats per la bici,-34.98
2021-12-05,Expenses,Gift,Nadal. Piulus. Xuxes candy,-2.45
2021-12-03,Expenses,Salou,Claus Entrada,-7
2021-11-30,Expenses,Salou,"Inversió Salou (52,00/3)",-17.34
2021-11-30,Expenses,Tren,Tornada reparació esquís,-1.14
2021-11-30,Expenses,Esquiar,"Alpí. Muntatge Fix, enceratge i cantonades",-50
2021-11-30,Expenses,Tren,Buscar skis reparats i quedar Fer,-2.24
2021-11-30,Expenses,Salou,Claus Terrat i Bústia,-5.5
2021-11-30,Expenses,Snacks,"Fer celebration: 2 trines, olivada, torradetes",-2.69
2021-11-21,Expenses,Alcohol,Vi vins i divins,-4
2021-11-16,Expenses,Gasolina,Merloi 1.599,-20
2021-11-09,Expenses,Snacks,"Condis esmorzar (500g xoco condis, 475g digest)",-2.61
2021-11-08,Expenses,pizza,Bonpreu,-7
2021-11-06,Expenses,pizza,Carpi,-8
2021-11-06,Expenses,Alcohol,3 litres xibeca compartits,-1
2021-10-31,Expenses,Salou,"Inversió Salou (72,19/3)",-24.06
2021-09-30,Expenses,Salou,"Inversió Salou (52,85/3)",-17.61
